$date
	Mon Aug 17 18:13:12 2026
$end
$version
	Icarus Verilog
$end
$timescale
	1ps
$end
$scope module sysarr_2x2_tb $end
$var wire 32 ! partial_sum_11 [31:0] $end
$var wire 32 " partial_sum_10 [31:0] $end
$var wire 32 # partial_sum_01 [31:0] $end
$var wire 32 $ partial_sum_00 [31:0] $end
$var parameter 32 % ACC_WIDTH $end
$var parameter 32 & DATA_WIDTH $end
$var reg 8 ' activation_in_00 [7:0] $end
$var reg 8 ( activation_in_10 [7:0] $end
$var reg 1 ) activation_valid_in_00 $end
$var reg 1 * activation_valid_in_10 $end
$var reg 1 + clear_acc $end
$var reg 1 , clk $end
$var reg 8 - random_a00 [7:0] $end
$var reg 8 . random_a01 [7:0] $end
$var reg 8 / random_a10 [7:0] $end
$var reg 8 0 random_a11 [7:0] $end
$var reg 8 1 random_b00 [7:0] $end
$var reg 8 2 random_b01 [7:0] $end
$var reg 8 3 random_b10 [7:0] $end
$var reg 8 4 random_b11 [7:0] $end
$var reg 1 5 reset $end
$var reg 8 6 weight_in_00 [7:0] $end
$var reg 8 7 weight_in_01 [7:0] $end
$var reg 1 8 weight_valid_in_00 $end
$var reg 1 9 weight_valid_in_01 $end
$var integer 32 : error_count [31:0] $end
$var integer 32 ; i [31:0] $end
$scope module dut $end
$var wire 8 < activation_in_00 [7:0] $end
$var wire 8 = activation_in_10 [7:0] $end
$var wire 1 ) activation_valid_in_00 $end
$var wire 1 * activation_valid_in_10 $end
$var wire 1 + clear_acc $end
$var wire 1 , clk $end
$var wire 1 5 reset $end
$var wire 8 > weight_in_00 [7:0] $end
$var wire 8 ? weight_in_01 [7:0] $end
$var wire 1 8 weight_valid_in_00 $end
$var wire 1 9 weight_valid_in_01 $end
$var wire 1 @ weight_valid_01_to_11 $end
$var wire 1 A weight_valid_00_to_10 $end
$var wire 8 B weight_01_to_11 [7:0] $end
$var wire 8 C weight_00_to_10 [7:0] $end
$var wire 32 D partial_sum_11 [31:0] $end
$var wire 32 E partial_sum_10 [31:0] $end
$var wire 32 F partial_sum_01 [31:0] $end
$var wire 32 G partial_sum_00 [31:0] $end
$var wire 1 H act_valid_10_to_11 $end
$var wire 1 I act_valid_00_to_01 $end
$var wire 8 J act_10_to_11 [7:0] $end
$var wire 8 K act_00_to_01 [7:0] $end
$var parameter 32 L ACC_WIDTH $end
$var parameter 32 M DATA_WIDTH $end
$scope module u00 $end
$var wire 8 N activation_in [7:0] $end
$var wire 1 ) activation_valid_in $end
$var wire 1 + clear_acc $end
$var wire 1 , clk $end
$var wire 1 5 reset $end
$var wire 8 O weight_in [7:0] $end
$var wire 1 8 weight_valid_in $end
$var wire 16 P product [15:0] $end
$var parameter 32 Q ACC_WIDTH $end
$var parameter 32 R DATA_WIDTH $end
$var parameter 64 S PRODUCT_WIDTH $end
$var reg 8 T activation_out [7:0] $end
$var reg 1 I activation_valid_out $end
$var reg 32 U partial_sum [31:0] $end
$var reg 8 V weight_out [7:0] $end
$var reg 1 A weight_valid_out $end
$upscope $end
$scope module u01 $end
$var wire 8 W activation_in [7:0] $end
$var wire 1 I activation_valid_in $end
$var wire 1 + clear_acc $end
$var wire 1 , clk $end
$var wire 1 5 reset $end
$var wire 8 X weight_in [7:0] $end
$var wire 1 9 weight_valid_in $end
$var wire 16 Y product [15:0] $end
$var parameter 32 Z ACC_WIDTH $end
$var parameter 32 [ DATA_WIDTH $end
$var parameter 64 \ PRODUCT_WIDTH $end
$var reg 8 ] activation_out [7:0] $end
$var reg 1 ^ activation_valid_out $end
$var reg 32 _ partial_sum [31:0] $end
$var reg 8 ` weight_out [7:0] $end
$var reg 1 @ weight_valid_out $end
$upscope $end
$scope module u10 $end
$var wire 8 a activation_in [7:0] $end
$var wire 1 * activation_valid_in $end
$var wire 1 + clear_acc $end
$var wire 1 , clk $end
$var wire 1 5 reset $end
$var wire 8 b weight_in [7:0] $end
$var wire 1 A weight_valid_in $end
$var wire 16 c product [15:0] $end
$var parameter 32 d ACC_WIDTH $end
$var parameter 32 e DATA_WIDTH $end
$var parameter 64 f PRODUCT_WIDTH $end
$var reg 8 g activation_out [7:0] $end
$var reg 1 H activation_valid_out $end
$var reg 32 h partial_sum [31:0] $end
$var reg 8 i weight_out [7:0] $end
$var reg 1 j weight_valid_out $end
$upscope $end
$scope module u11 $end
$var wire 8 k activation_in [7:0] $end
$var wire 1 H activation_valid_in $end
$var wire 1 + clear_acc $end
$var wire 1 , clk $end
$var wire 1 5 reset $end
$var wire 8 l weight_in [7:0] $end
$var wire 1 @ weight_valid_in $end
$var wire 16 m product [15:0] $end
$var parameter 32 n ACC_WIDTH $end
$var parameter 32 o DATA_WIDTH $end
$var parameter 64 p PRODUCT_WIDTH $end
$var reg 8 q activation_out [7:0] $end
$var reg 1 r activation_valid_out $end
$var reg 32 s partial_sum [31:0] $end
$var reg 8 t weight_out [7:0] $end
$var reg 1 u weight_valid_out $end
$upscope $end
$upscope $end
$scope task check_partial_sums $end
$upscope $end
$scope task clear_array $end
$upscope $end
$scope task drive_cycle $end
$upscope $end
$scope task run_matrix_test $end
$upscope $end
$upscope $end
$enddefinitions $end
$comment Show the parameter values. $end
$dumpall
b10000 p
b1000 o
b100000 n
b10000 f
b1000 e
b100000 d
b10000 \
b1000 [
b100000 Z
b10000 S
b1000 R
b100000 Q
b1000 M
b100000 L
b1000 &
b100000 %
$end
#0
$dumpvars
xu
bx t
bx s
xr
bx q
bx m
bx l
bx k
xj
bx i
bx h
bx g
bx c
bx b
b0 a
bx `
bx _
x^
bx ]
bx Y
b0 X
bx W
bx V
bx U
bx T
b0 P
b0 O
b0 N
bx K
bx J
xI
xH
bx G
bx F
bx E
bx D
bx C
bx B
xA
x@
b0 ?
b0 >
b0 =
b0 <
bx ;
b0 :
09
08
b0 7
b0 6
05
bx 4
bx 3
bx 2
bx 1
bx 0
bx /
bx .
bx -
0,
0+
0*
0)
b0 (
b0 '
bx $
bx #
bx "
bx !
$end
#5000
0A
b0 c
b0 C
b0 V
b0 b
0I
b0 Y
b0 K
b0 T
b0 W
0@
b0 m
b0 B
b0 `
b0 l
0H
b0 J
b0 g
b0 k
1,
#10000
19
b101000 7
b101000 ?
b101000 X
18
b100101100 P
b11110 6
b11110 >
b11110 O
1*
b10100 (
b10100 =
b10100 a
1)
b1010 '
b1010 <
b1010 N
15
0,
#15000
b0 !
b0 D
b0 s
0u
b0 t
0r
b0 q
b0 "
b0 E
b0 h
0j
b0 i
b0 #
b0 F
b0 _
0^
b0 ]
b0 $
b0 G
b0 U
1,
#20000
b1000 7
b1000 ?
b1000 X
b111 6
b111 >
b111 O
b110 (
b110 =
b110 a
b100011 P
b101 '
b101 <
b101 N
1+
0,
#25000
1,
#30000
09
b0 7
b0 ?
b0 X
08
b0 6
b0 >
b0 O
0*
b0 (
b0 =
b0 a
0)
b0 P
b0 '
b0 <
b0 N
05
0,
#35000
1,
#40000
0,
#45000
1,
#50000
18
b101 P
b101 6
b101 >
b101 O
1)
b1 '
b1 <
b1 N
0+
0,
#55000
b101 $
b101 G
b101 U
1A
b101 C
b101 V
b101 b
1I
b1 K
b1 T
b1 W
1,
#60000
19
b110 Y
b110 7
b110 ?
b110 X
b111 6
b111 >
b111 O
1*
b1111 c
b11 (
b11 =
b11 a
b1110 P
b10 '
b10 <
b10 N
0,
#65000
b10011 $
b10011 G
b10011 U
b10101 c
b111 C
b111 V
b111 b
b1100 Y
b10 K
b10 T
b10 W
b110 #
b110 F
b110 _
1@
b10010 m
b110 B
b110 `
b110 l
1^
b1 ]
b1111 "
b1111 E
b1111 h
1j
b101 i
1H
b11 J
b11 g
b11 k
1,
#70000
b10000 Y
b1000 7
b1000 ?
b1000 X
08
b0 6
b0 >
b0 O
b11100 c
b100 (
b100 =
b100 a
0)
b0 P
b0 '
b0 <
b0 N
0,
#75000
b10010 !
b10010 D
b10010 s
1u
b110 t
1r
b11 q
b101011 "
b101011 E
b101011 h
b111 i
b100 J
b100 g
b100 k
b10110 #
b10110 F
b10110 _
b100000 m
b1000 B
b1000 `
b1000 l
b10 ]
0A
b0 c
b0 C
b0 V
b0 b
0I
b0 Y
b0 K
b0 T
b0 W
1,
#80000
09
b0 7
b0 ?
b0 X
0*
b0 (
b0 =
b0 a
0,
#85000
0@
b0 B
b0 `
b0 l
0^
b0 ]
0j
b0 i
0H
b0 m
b0 J
b0 g
b0 k
b110010 !
b110010 D
b110010 s
b1000 t
b100 q
1,
#90000
1+
0,
#95000
b0 !
b0 D
b0 s
0u
b0 t
0r
b0 q
b0 "
b0 E
b0 h
b0 #
b0 F
b0 _
b0 $
b0 G
b0 U
1,
#100000
18
b101 P
b101 6
b101 >
b101 O
1)
b1 '
b1 <
b1 N
0+
0,
#105000
b101 $
b101 G
b101 U
1A
b101 C
b101 V
b101 b
1I
b1 K
b1 T
b1 W
1,
#110000
19
b110 Y
b110 7
b110 ?
b110 X
b111 6
b111 >
b111 O
1*
b1111 c
b11 (
b11 =
b11 a
b1110 P
b10 '
b10 <
b10 N
0,
#115000
b1111 "
b1111 E
b1111 h
1j
b101 i
1H
b10010 m
b11 J
b11 g
b11 k
b110 #
b110 F
b110 _
1@
b110 B
b110 `
b110 l
1^
b1 ]
b10011 $
b10011 G
b10011 U
b10101 c
b111 C
b111 V
b111 b
b1100 Y
b10 K
b10 T
b10 W
1,
#120000
b10000 Y
b1000 7
b1000 ?
b1000 X
08
b0 6
b0 >
b0 O
b11100 c
b100 (
b100 =
b100 a
0)
b0 P
b0 '
b0 <
b0 N
0,
#125000
0A
b0 c
b0 C
b0 V
b0 b
0I
b0 Y
b0 K
b0 T
b0 W
b10110 #
b10110 F
b10110 _
b1000 B
b1000 `
b1000 l
b10 ]
b101011 "
b101011 E
b101011 h
b111 i
b100000 m
b100 J
b100 g
b100 k
b10010 !
b10010 D
b10010 s
1u
b110 t
1r
b11 q
1,
#130000
09
b0 7
b0 ?
b0 X
0*
b0 (
b0 =
b0 a
0,
#135000
b110010 !
b110010 D
b110010 s
b1000 t
b100 q
0j
b0 i
0H
b0 J
b0 g
b0 k
0@
b0 m
b0 B
b0 `
b0 l
0^
b0 ]
1,
#140000
1+
0,
#145000
b0 $
b0 G
b0 U
b0 #
b0 F
b0 _
b0 "
b0 E
b0 h
b0 !
b0 D
b0 s
0u
b0 t
0r
b0 q
1,
#150000
18
b1111111111111011 P
b101 6
b101 >
b101 O
1)
b11111111 '
b11111111 <
b11111111 N
0+
0,
#155000
b11111111111111111111111111111011 $
b11111111111111111111111111111011 G
b11111111111111111111111111111011 U
1A
b101 C
b101 V
b101 b
1I
b11111111 K
b11111111 T
b11111111 W
1,
#160000
19
b110 Y
b11111010 7
b11111010 ?
b11111010 X
b11111001 6
b11111001 >
b11111001 O
1*
b1111 c
b11 (
b11 =
b11 a
b1111111111110010 P
b10 '
b10 <
b10 N
0,
#165000
b11111111111111111111111111101101 $
b11111111111111111111111111101101 G
b11111111111111111111111111101101 U
b1111111111101011 c
b11111001 C
b11111001 V
b11111001 b
b1111111111110100 Y
b10 K
b10 T
b10 W
b110 #
b110 F
b110 _
1@
b1111111111101110 m
b11111010 B
b11111010 `
b11111010 l
1^
b11111111 ]
b1111 "
b1111 E
b1111 h
1j
b101 i
1H
b11 J
b11 g
b11 k
1,
#170000
b10000 Y
b1000 7
b1000 ?
b1000 X
08
b0 6
b0 >
b0 O
b11100 c
b11111100 (
b11111100 =
b11111100 a
0)
b0 P
b0 '
b0 <
b0 N
0,
#175000
b11111111111111111111111111101110 !
b11111111111111111111111111101110 D
b11111111111111111111111111101110 s
1u
b11111010 t
1r
b11 q
b101011 "
b101011 E
b101011 h
b11111001 i
b11111100 J
b11111100 g
b11111100 k
b10110 #
b10110 F
b10110 _
b1111111111100000 m
b1000 B
b1000 `
b1000 l
b10 ]
0A
b0 c
b0 C
b0 V
b0 b
0I
b0 Y
b0 K
b0 T
b0 W
1,
#180000
09
b0 7
b0 ?
b0 X
0*
b0 (
b0 =
b0 a
0,
#185000
0@
b0 B
b0 `
b0 l
0^
b0 ]
0j
b0 i
0H
b0 m
b0 J
b0 g
b0 k
b11111111111111111111111111001110 !
b11111111111111111111111111001110 D
b11111111111111111111111111001110 s
b1000 t
b11111100 q
1,
#190000
1+
0,
#195000
b0 !
b0 D
b0 s
0u
b0 t
0r
b0 q
b0 "
b0 E
b0 h
b0 #
b0 F
b0 _
b0 $
b0 G
b0 U
1,
#200000
18
b101 6
b101 >
b101 O
1)
0+
0,
#205000
1A
b101 C
b101 V
b101 b
1I
1,
#210000
19
b110 7
b110 ?
b110 X
b111 6
b111 >
b111 O
1*
0,
#215000
1j
b101 i
1H
1@
b110 B
b110 `
b110 l
1^
b111 C
b111 V
b111 b
1,
#220000
b11111000 7
b11111000 ?
b11111000 X
08
b0 6
b0 >
b0 O
0)
0,
#225000
0A
b0 C
b0 V
b0 b
0I
b11111000 B
b11111000 `
b11111000 l
b111 i
1u
b110 t
1r
1,
#230000
09
b0 7
b0 ?
b0 X
0*
0,
#235000
b11111000 t
0j
b0 i
0H
0@
b0 B
b0 `
b0 l
0^
1,
#240000
1+
0,
#245000
0u
b0 t
0r
1,
#250000
18
b1100 P
b1 6
b1 >
b1 O
1)
b1100 '
b1100 <
b1100 N
0+
0,
#255000
b1100 $
b1100 G
b1100 U
1A
b1 C
b1 V
b1 b
1I
b1100 K
b1100 T
b1100 W
1,
#260000
19
b0 6
b0 >
b0 O
1*
b11001 c
b11001 (
b11001 =
b11001 a
b0 P
b11111001 '
b11111001 <
b11111001 N
0,
#265000
b0 c
b0 C
b0 V
b0 b
b11111001 K
b11111001 T
b11111001 W
1@
1^
b1100 ]
b11001 "
b11001 E
b11001 h
1j
b1 i
1H
b11001 J
b11001 g
b11001 k
1,
#270000
b1111111111111001 Y
b1 7
b1 ?
b1 X
08
b1001 (
b1001 =
b1001 a
0)
b0 '
b0 <
b0 N
0,
#275000
1u
1r
b11001 q
b0 i
b1001 J
b1001 g
b1001 k
b11111111111111111111111111111001 #
b11111111111111111111111111111001 F
b11111111111111111111111111111001 _
b1001 m
b1 B
b1 `
b1 l
b11111001 ]
0A
0I
b0 Y
b0 K
b0 T
b0 W
1,
#280000
09
b0 7
b0 ?
b0 X
0*
b0 (
b0 =
b0 a
0,
#285000
0@
b0 B
b0 `
b0 l
0^
b0 ]
0j
0H
b0 m
b0 J
b0 g
b0 k
b1001 !
b1001 D
b1001 s
b1 t
b1001 q
1,
#290000
1+
0,
#295000
b0 !
b0 D
b0 s
0u
b0 t
0r
b0 q
b0 "
b0 E
b0 h
b0 #
b0 F
b0 _
b0 $
b0 G
b0 U
1,
#300000
18
b1 P
b1 6
b1 >
b1 O
1)
b1 '
b1 <
b1 N
0+
0,
#305000
b1 $
b1 G
b1 U
1A
b1 C
b1 V
b1 b
1I
b1 K
b1 T
b1 W
1,
#310000
19
b1 Y
b1 7
b1 ?
b1 X
1*
b1 c
b1 (
b1 =
b1 a
0,
#315000
b1 "
b1 E
b1 h
1j
b1 i
1H
b1 m
b1 J
b1 g
b1 k
b1 #
b1 F
b1 _
1@
b1 B
b1 `
b1 l
1^
b1 ]
b10 $
b10 G
b10 U
1,
#320000
08
b0 6
b0 >
b0 O
0)
b0 P
b0 '
b0 <
b0 N
0,
#325000
0A
b0 c
b0 C
b0 V
b0 b
0I
b0 Y
b0 K
b0 T
b0 W
b10 #
b10 F
b10 _
b10 "
b10 E
b10 h
b1 !
b1 D
b1 s
1u
b1 t
1r
b1 q
1,
#330000
09
b0 7
b0 ?
b0 X
0*
b0 (
b0 =
b0 a
0,
#335000
b10 !
b10 D
b10 s
0j
b0 i
0H
b0 J
b0 g
b0 k
0@
b0 m
b0 B
b0 `
b0 l
0^
b0 ]
1,
#340000
1+
0,
#345000
b0 $
b0 G
b0 U
b0 #
b0 F
b0 _
b0 "
b0 E
b0 h
b0 !
b0 D
b0 s
0u
b0 t
0r
b0 q
1,
#350000
18
b11111100000001 P
b1111111 6
b1111111 >
b1111111 O
1)
b1111111 '
b1111111 <
b1111111 N
0+
0,
#355000
b11111100000001 $
b11111100000001 G
b11111100000001 U
1A
b1111111 C
b1111111 V
b1111111 b
1I
b1111111 K
b1111111 T
b1111111 W
1,
#360000
19
b11111100000001 Y
b1111111 7
b1111111 ?
b1111111 X
1*
b11111100000001 c
b1111111 (
b1111111 =
b1111111 a
0,
#365000
b111111000000010 $
b111111000000010 G
b111111000000010 U
b11111100000001 #
b11111100000001 F
b11111100000001 _
1@
b11111100000001 m
b1111111 B
b1111111 `
b1111111 l
1^
b1111111 ]
b11111100000001 "
b11111100000001 E
b11111100000001 h
1j
b1111111 i
1H
b1111111 J
b1111111 g
b1111111 k
1,
#370000
08
b0 6
b0 >
b0 O
0)
b0 P
b0 '
b0 <
b0 N
0,
#375000
b11111100000001 !
b11111100000001 D
b11111100000001 s
1u
b1111111 t
1r
b1111111 q
b111111000000010 "
b111111000000010 E
b111111000000010 h
b111111000000010 #
b111111000000010 F
b111111000000010 _
0A
b0 c
b0 C
b0 V
b0 b
0I
b0 Y
b0 K
b0 T
b0 W
1,
#380000
09
b0 7
b0 ?
b0 X
0*
b0 (
b0 =
b0 a
0,
#385000
0@
b0 B
b0 `
b0 l
0^
b0 ]
0j
b0 i
0H
b0 m
b0 J
b0 g
b0 k
b111111000000010 !
b111111000000010 D
b111111000000010 s
1,
#390000
1+
0,
#395000
b0 !
b0 D
b0 s
0u
b0 t
0r
b0 q
b0 "
b0 E
b0 h
b0 #
b0 F
b0 _
b0 $
b0 G
b0 U
1,
#400000
18
b100000000000000 P
b10000000 6
b10000000 >
b10000000 O
1)
b10000000 '
b10000000 <
b10000000 N
0+
0,
#405000
b100000000000000 $
b100000000000000 G
b100000000000000 U
1A
b10000000 C
b10000000 V
b10000000 b
1I
b10000000 K
b10000000 T
b10000000 W
1,
#410000
19
b100000000000000 Y
b10000000 7
b10000000 ?
b10000000 X
1*
b100000000000000 c
b10000000 (
b10000000 =
b10000000 a
0,
#415000
b100000000000000 "
b100000000000000 E
b100000000000000 h
1j
b10000000 i
1H
b100000000000000 m
b10000000 J
b10000000 g
b10000000 k
b100000000000000 #
b100000000000000 F
b100000000000000 _
1@
b10000000 B
b10000000 `
b10000000 l
1^
b10000000 ]
b1000000000000000 $
b1000000000000000 G
b1000000000000000 U
1,
#420000
08
b0 6
b0 >
b0 O
0)
b0 P
b0 '
b0 <
b0 N
0,
#425000
0A
b0 c
b0 C
b0 V
b0 b
0I
b0 Y
b0 K
b0 T
b0 W
b1000000000000000 #
b1000000000000000 F
b1000000000000000 _
b1000000000000000 "
b1000000000000000 E
b1000000000000000 h
b100000000000000 !
b100000000000000 D
b100000000000000 s
1u
b10000000 t
1r
b10000000 q
1,
#430000
09
b0 7
b0 ?
b0 X
0*
b0 (
b0 =
b0 a
0,
#435000
b1000000000000000 !
b1000000000000000 D
b1000000000000000 s
0j
b0 i
0H
b0 J
b0 g
b0 k
0@
b0 m
b0 B
b0 `
b0 l
0^
b0 ]
1,
#440000
1+
0,
#445000
b0 $
b0 G
b0 U
b0 #
b0 F
b0 _
b0 "
b0 E
b0 h
b0 !
b0 D
b0 s
0u
b0 t
0r
b0 q
1,
#450000
1*
b10100 (
b10100 =
b10100 a
1)
b1010 '
b1010 <
b1010 N
0+
0,
#455000
1H
b10100 J
b10100 g
b10100 k
1I
b1010 K
b1010 T
b1010 W
1,
#460000
b101000 (
b101000 =
b101000 a
b11110 '
b11110 <
b11110 N
0,
#465000
b11110 K
b11110 T
b11110 W
1^
b1010 ]
b101000 J
b101000 g
b101000 k
1r
b10100 q
1,
#470000
0*
b0 (
b0 =
b0 a
0)
b0 '
b0 <
b0 N
0,
#475000
b101000 q
0H
b0 J
b0 g
b0 k
b11110 ]
0I
b0 K
b0 T
b0 W
1,
#480000
1+
0,
#485000
0^
b0 ]
0r
b0 q
1,
#490000
19
b10100 7
b10100 ?
b10100 X
18
b1010 6
b1010 >
b1010 O
0+
0,
#495000
1@
b10100 B
b10100 `
b10100 l
1A
b1010 C
b1010 V
b1010 b
1,
#500000
b101000 7
b101000 ?
b101000 X
b11110 6
b11110 >
b11110 O
0,
#505000
b11110 C
b11110 V
b11110 b
b101000 B
b101000 `
b101000 l
1j
b1010 i
1u
b10100 t
1,
#510000
09
b0 7
b0 ?
b0 X
08
b0 6
b0 >
b0 O
0,
#515000
b101000 t
b11110 i
0@
b0 B
b0 `
b0 l
0A
b0 C
b0 V
b0 b
1,
#520000
1+
0,
#525000
0j
b0 i
0u
b0 t
1,
#530000
18
b101 P
b101 6
b101 >
b101 O
1)
b1 '
b1 <
b1 N
0+
0,
#535000
b101 $
b101 G
b101 U
1A
b101 C
b101 V
b101 b
1I
b1 K
b1 T
b1 W
1,
#540000
19
b110 Y
b110 7
b110 ?
b110 X
08
b111 6
b111 >
b111 O
1*
b1111 c
b11 (
b11 =
b11 a
b1110 P
b10 '
b10 <
b10 N
0,
#545000
0A
b10101 c
b111 C
b111 V
b111 b
b1100 Y
b10 K
b10 T
b10 W
b110 #
b110 F
b110 _
1@
b10010 m
b110 B
b110 `
b110 l
1^
b1 ]
b1111 "
b1111 E
b1111 h
1j
b101 i
1H
b11 J
b11 g
b11 k
1,
#550000
b10000 Y
b1000 7
b1000 ?
b1000 X
b0 6
b0 >
b0 O
b11100 c
b100 (
b100 =
b100 a
0)
b0 P
b0 '
b0 <
b0 N
0,
#555000
b10010 !
b10010 D
b10010 s
1u
b110 t
1r
b11 q
0j
b111 i
b100 J
b100 g
b100 k
b10110 #
b10110 F
b10110 _
b100000 m
b1000 B
b1000 `
b1000 l
b10 ]
b0 c
b0 C
b0 V
b0 b
0I
b0 Y
b0 K
b0 T
b0 W
1,
#560000
09
b0 7
b0 ?
b0 X
0*
b0 (
b0 =
b0 a
0,
#565000
0@
b0 B
b0 `
b0 l
0^
b0 ]
b0 i
0H
b0 m
b0 J
b0 g
b0 k
b110010 !
b110010 D
b110010 s
b1000 t
b100 q
1,
#570000
1+
0,
#575000
b0 !
b0 D
b0 s
0u
b0 t
0r
b0 q
b0 "
b0 E
b0 h
b0 #
b0 F
b0 _
b0 $
b0 G
b0 U
1,
#580000
18
b10100 P
b10 6
b10 >
b10 O
1)
b1010 '
b1010 <
b1010 N
0+
0,
#585000
b10100 $
b10100 G
b10100 U
1A
b10 C
b10 V
b10 b
1I
b1010 K
b1010 T
b1010 W
1,
#590000
19
b11110 Y
b11 7
b11 ?
b11 X
b100 6
b100 >
b100 O
1*
b111100 c
b11110 (
b11110 =
b11110 a
b1010000 P
b10100 '
b10100 <
b10100 N
0,
#595000
b111100 "
b111100 E
b111100 h
1j
b10 i
1H
b1011010 m
b11110 J
b11110 g
b11110 k
b11110 #
b11110 F
b11110 _
1@
b11 B
b11 `
b11 l
1^
b1010 ]
b1100100 $
b1100100 G
b1100100 U
b1111000 c
b100 C
b100 V
b100 b
b111100 Y
b10100 K
b10100 T
b10100 W
1,
#600000
b1100100 Y
b101 7
b101 ?
b101 X
08
b0 6
b0 >
b0 O
b10100000 c
b101000 (
b101000 =
b101000 a
0)
b0 P
b0 '
b0 <
b0 N
0,
#605000
0A
b0 c
b0 C
b0 V
b0 b
0I
b0 Y
b0 K
b0 T
b0 W
b10000010 #
b10000010 F
b10000010 _
b101 B
b101 `
b101 l
b10100 ]
b11011100 "
b11011100 E
b11011100 h
b100 i
b11001000 m
b101000 J
b101000 g
b101000 k
b1011010 !
b1011010 D
b1011010 s
1u
b11 t
1r
b11110 q
1,
#610000
09
b0 7
b0 ?
b0 X
0*
b0 (
b0 =
b0 a
0,
#615000
b100100010 !
b100100010 D
b100100010 s
b101 t
b101000 q
0j
b0 i
0H
b0 J
b0 g
b0 k
0@
b0 m
b0 B
b0 `
b0 l
0^
b0 ]
1,
#620000
1+
0,
#625000
b0 $
b0 G
b0 U
b0 #
b0 F
b0 _
b0 "
b0 E
b0 h
b0 !
b0 D
b0 s
0u
b0 t
0r
b0 q
1,
#630000
18
b1001 P
b1001 6
b1001 >
b1001 O
1)
b1 '
b1 <
b1 N
0+
0,
#635000
b1001 $
b1001 G
b1001 U
1A
b1001 C
b1001 V
b1001 b
1I
b1 K
b1 T
b1 W
1,
#640000
19
b1010 Y
b1010 7
b1010 ?
b1010 X
b1011 6
b1011 >
b1011 O
1*
b0 P
b0 '
b0 <
b0 N
0,
#645000
b1011 C
b1011 V
b1011 b
b0 Y
b0 K
b0 T
b0 W
b1010 #
b1010 F
b1010 _
1@
b1010 B
b1010 `
b1010 l
1^
b1 ]
1j
b1001 i
1H
1,
#650000
b1100 7
b1100 ?
b1100 X
08
b0 6
b0 >
b0 O
b1011 c
b1 (
b1 =
b1 a
0)
0,
#655000
1u
b1010 t
1r
b1011 "
b1011 E
b1011 h
b1011 i
b1100 m
b1 J
b1 g
b1 k
b1100 B
b1100 `
b1100 l
b0 ]
0A
b0 c
b0 C
b0 V
b0 b
0I
1,
#660000
09
b0 7
b0 ?
b0 X
0*
b0 (
b0 =
b0 a
0,
#665000
0@
b0 B
b0 `
b0 l
0^
0j
b0 i
0H
b0 m
b0 J
b0 g
b0 k
b1100 !
b1100 D
b1100 s
b1100 t
b1 q
1,
#666000
b10010 4
b1100101 3
b10001101 2
b1101 1
b1100011 0
b1001 /
b10000001 .
b100100 -
b0 ;
#670000
1+
0,
#675000
b0 !
b0 D
b0 s
0u
b0 t
0r
b0 q
b0 "
b0 E
b0 h
b0 #
b0 F
b0 _
b0 $
b0 G
b0 U
1,
#680000
18
b111010100 P
b1101 6
b1101 >
b1101 O
1)
b100100 '
b100100 <
b100100 N
0+
0,
#685000
b111010100 $
b111010100 G
b111010100 U
1A
b1101 C
b1101 V
b1101 b
1I
b100100 K
b100100 T
b100100 W
1,
#690000
19
b1110111111010100 Y
b10001101 7
b10001101 ?
b10001101 X
b1100101 6
b1100101 >
b1100101 O
1*
b1110101 c
b1001 (
b1001 =
b1001 a
b1100110111100101 P
b10000001 '
b10000001 <
b10000001 N
0,
#695000
b1110101 "
b1110101 E
b1110101 h
1j
b1101 i
1H
b1111101111110101 m
b1001 J
b1001 g
b1001 k
b11111111111111111110111111010100 #
b11111111111111111110111111010100 F
b11111111111111111110111111010100 _
1@
b10001101 B
b10001101 `
b10001101 l
1^
b100100 ]
b11111111111111111100111110111001 $
b11111111111111111100111110111001 G
b11111111111111111100111110111001 U
b1110001101 c
b1100101 C
b1100101 V
b1100101 b
b11100100001101 Y
b10000001 K
b10000001 T
b10000001 W
1,
#700000
b1111011100010010 Y
b10010 7
b10010 ?
b10010 X
08
b0 6
b0 >
b0 O
b10011100001111 c
b1100011 (
b1100011 =
b1100011 a
0)
b0 P
b0 '
b0 <
b0 N
0,
#705000
0A
b0 c
b0 C
b0 V
b0 b
0I
b0 Y
b0 K
b0 T
b0 W
b11111111111111111110011011100110 #
b11111111111111111110011011100110 F
b11111111111111111110011011100110 _
b10010 B
b10010 `
b10010 l
b10000001 ]
b10011110000100 "
b10011110000100 E
b10011110000100 h
b1100101 i
b11011110110 m
b1100011 J
b1100011 g
b1100011 k
b11111111111111111111101111110101 !
b11111111111111111111101111110101 D
b11111111111111111111101111110101 s
1u
b10001101 t
1r
b1001 q
1,
#710000
09
b0 7
b0 ?
b0 X
0*
b0 (
b0 =
b0 a
0,
#715000
b1011101011 !
b1011101011 D
b1011101011 s
b10010 t
b1100011 q
0j
b0 i
0H
b0 J
b0 g
b0 k
0@
b0 m
b0 B
b0 `
b0 l
0^
b0 ]
1,
#716000
b11000110 4
b11111001 3
b10001100 2
b11101101 1
b111101 0
b1110110 /
b1101 .
b1 -
b1 ;
#720000
1+
0,
#725000
b0 $
b0 G
b0 U
b0 #
b0 F
b0 _
b0 "
b0 E
b0 h
b0 !
b0 D
b0 s
0u
b0 t
0r
b0 q
1,
#730000
18
b1111111111101101 P
b11101101 6
b11101101 >
b11101101 O
1)
b1 '
b1 <
b1 N
0+
0,
#735000
b11111111111111111111111111101101 $
b11111111111111111111111111101101 G
b11111111111111111111111111101101 U
1A
b11101101 C
b11101101 V
b11101101 b
1I
b1 K
b1 T
b1 W
1,
#740000
19
b1111111110001100 Y
b10001100 7
b10001100 ?
b10001100 X
b11111001 6
b11111001 >
b11111001 O
1*
b1111011100111110 c
b1110110 (
b1110110 =
b1110110 a
b1111111110100101 P
b1101 '
b1101 <
b1101 N
0,
#745000
b11111111111111111111111110010010 $
b11111111111111111111111110010010 G
b11111111111111111111111110010010 U
b1111110011000110 c
b11111001 C
b11111001 V
b11111001 b
b1111101000011100 Y
b1101 K
b1101 T
b1101 W
b11111111111111111111111110001100 #
b11111111111111111111111110001100 F
b11111111111111111111111110001100 _
1@
b1100101010001000 m
b10001100 B
b10001100 `
b10001100 l
1^
b1 ]
b11111111111111111111011100111110 "
b11111111111111111111011100111110 E
b11111111111111111111011100111110 h
1j
b11101101 i
1H
b1110110 J
b1110110 g
b1110110 k
1,
#750000
b1111110100001110 Y
b11000110 7
b11000110 ?
b11000110 X
08
b0 6
b0 >
b0 O
b1111111001010101 c
b111101 (
b111101 =
b111101 a
0)
b0 P
b0 '
b0 <
b0 N
0,
#755000
b11111111111111111100101010001000 !
b11111111111111111100101010001000 D
b11111111111111111100101010001000 s
1u
b10001100 t
1r
b1110110 q
b11111111111111111111010110010011 "
b11111111111111111111010110010011 E
b11111111111111111111010110010011 h
b11111001 i
b111101 J
b111101 g
b111101 k
b11111111111111111111110010011010 #
b11111111111111111111110010011010 F
b11111111111111111111110010011010 _
b1111001000101110 m
b11000110 B
b11000110 `
b11000110 l
b1101 ]
0A
b0 c
b0 C
b0 V
b0 b
0I
b0 Y
b0 K
b0 T
b0 W
1,
#760000
09
b0 7
b0 ?
b0 X
0*
b0 (
b0 =
b0 a
0,
#765000
0@
b0 B
b0 `
b0 l
0^
b0 ]
0j
b0 i
0H
b0 m
b0 J
b0 g
b0 k
b11111111111111111011110010110110 !
b11111111111111111011110010110110 D
b11111111111111111011110010110110 s
b11000110 t
b111101 q
1,
#766000
b11001110 4
b11110010 3
b10001111 2
b10010 1
b1110111 0
b11100101 /
b10101010 .
b11000101 -
b10 ;
#770000
1+
0,
#775000
b0 !
b0 D
b0 s
0u
b0 t
0r
b0 q
b0 "
b0 E
b0 h
b0 #
b0 F
b0 _
b0 $
b0 G
b0 U
1,
#780000
18
b1111101111011010 P
b10010 6
b10010 >
b10010 O
1)
b11000101 '
b11000101 <
b11000101 N
0+
0,
#785000
b11111111111111111111101111011010 $
b11111111111111111111101111011010 G
b11111111111111111111101111011010 U
1A
b10010 C
b10010 V
b10010 b
1I
b11000101 K
b11000101 T
b11000101 W
1,
#790000
19
b1101000001011 Y
b10001111 7
b10001111 ?
b10001111 X
b11110010 6
b11110010 >
b11110010 O
1*
b1111111000011010 c
b11100101 (
b11100101 =
b11100101 a
b10010110100 P
b10101010 '
b10101010 <
b10101010 N
0,
#795000
b11111111111111111111111000011010 "
b11111111111111111111111000011010 E
b11111111111111111111111000011010 h
1j
b10010 i
1H
b101111101011 m
b11100101 J
b11100101 g
b11100101 k
b1101000001011 #
b1101000001011 F
b1101000001011 _
1@
b10001111 B
b10001111 `
b10001111 l
1^
b11000101 ]
b10001110 $
b10001110 G
b10001110 U
b101111010 c
b11110010 C
b11110010 V
b11110010 b
b10010111110110 Y
b10101010 K
b10101010 T
b10101010 W
1,
#800000
b1000011001100 Y
b11001110 7
b11001110 ?
b11001110 X
08
b0 6
b0 >
b0 O
b1111100101111110 c
b1110111 (
b1110111 =
b1110111 a
0)
b0 P
b0 '
b0 <
b0 N
0,
#805000
0A
b0 c
b0 C
b0 V
b0 b
0I
b0 Y
b0 K
b0 T
b0 W
b10101011010111 #
b10101011010111 F
b10101011010111 _
b11001110 B
b11001110 `
b11001110 l
b10101010 ]
b11111111111111111111011110011000 "
b11111111111111111111011110011000 E
b11111111111111111111011110011000 h
b11110010 i
b1110100011000010 m
b1110111 J
b1110111 g
b1110111 k
b101111101011 !
b101111101011 D
b101111101011 s
1u
b10001111 t
1r
b11100101 q
1,
#810000
09
b0 7
b0 ?
b0 X
0*
b0 (
b0 =
b0 a
0,
#815000
b11111111111111111111010010101101 !
b11111111111111111111010010101101 D
b11111111111111111111010010101101 s
b11001110 t
b1110111 q
0j
b0 i
0H
b0 J
b0 g
b0 k
0@
b0 m
b0 B
b0 `
b0 l
0^
b0 ]
1,
#816000
b1010 4
b1100011 3
b1100101 2
b101101 1
b10111101 0
b1011100 /
b11000101 .
b11101000 -
b11 ;
#820000
1+
0,
#825000
b0 $
b0 G
b0 U
b0 #
b0 F
b0 _
b0 "
b0 E
b0 h
b0 !
b0 D
b0 s
0u
b0 t
0r
b0 q
1,
#830000
18
b1111101111001000 P
b101101 6
b101101 >
b101101 O
1)
b11101000 '
b11101000 <
b11101000 N
0+
0,
#835000
b11111111111111111111101111001000 $
b11111111111111111111101111001000 G
b11111111111111111111101111001000 U
1A
b101101 C
b101101 V
b101101 b
1I
b11101000 K
b11101000 T
b11101000 W
1,
#840000
19
b1111011010001000 Y
b1100101 7
b1100101 ?
b1100101 X
b1100011 6
b1100011 >
b1100011 O
1*
b1000000101100 c
b1011100 (
b1011100 =
b1011100 a
b1110100100101111 P
b11000101 '
b11000101 <
b11000101 N
0,
#845000
b11111111111111111110010011110111 $
b11111111111111111110010011110111 G
b11111111111111111110010011110111 U
b10001110010100 c
b1100011 C
b1100011 V
b1100011 b
b1110100010111001 Y
b11000101 K
b11000101 T
b11000101 W
b11111111111111111111011010001000 #
b11111111111111111111011010001000 F
b11111111111111111111011010001000 _
1@
b10010001001100 m
b1100101 B
b1100101 `
b1100101 l
1^
b11101000 ]
b1000000101100 "
b1000000101100 E
b1000000101100 h
1j
b101101 i
1H
b1011100 J
b1011100 g
b1011100 k
1,
#850000
b1111110110110010 Y
b1010 7
b1010 ?
b1010 X
08
b0 6
b0 >
b0 O
b1110011000010111 c
b10111101 (
b10111101 =
b10111101 a
0)
b0 P
b0 '
b0 <
b0 N
0,
#855000
b10010001001100 !
b10010001001100 D
b10010001001100 s
1u
b1100101 t
1r
b1011100 q
b11111111111111111111011001000011 "
b11111111111111111111011001000011 E
b11111111111111111111011001000011 h
b1100011 i
b10111101 J
b10111101 g
b10111101 k
b11111111111111111111010000111010 #
b11111111111111111111010000111010 F
b11111111111111111111010000111010 _
b1111110101100010 m
b1010 B
b1010 `
b1010 l
b11000101 ]
0A
b0 c
b0 C
b0 V
b0 b
0I
b0 Y
b0 K
b0 T
b0 W
1,
#860000
09
b0 7
b0 ?
b0 X
0*
b0 (
b0 =
b0 a
0,
#865000
0@
b0 B
b0 `
b0 l
0^
b0 ]
0j
b0 i
0H
b0 m
b0 J
b0 g
b0 k
b10000110101110 !
b10000110101110 D
b10000110101110 s
b1010 t
b10111101 q
1,
#866000
b1010011 4
b1101 3
b10011 2
b10010110 1
b10011101 0
b10101010 /
b100000 .
b10000000 -
b100 ;
#870000
1+
0,
#875000
b0 !
b0 D
b0 s
0u
b0 t
0r
b0 q
b0 "
b0 E
b0 h
b0 #
b0 F
b0 _
b0 $
b0 G
b0 U
1,
#880000
18
b11010100000000 P
b10010110 6
b10010110 >
b10010110 O
1)
b10000000 '
b10000000 <
b10000000 N
0+
0,
#885000
b11010100000000 $
b11010100000000 G
b11010100000000 U
1A
b10010110 C
b10010110 V
b10010110 b
1I
b10000000 K
b10000000 T
b10000000 W
1,
#890000
19
b1111011010000000 Y
b10011 7
b10011 ?
b10011 X
b1101 6
b1101 >
b1101 O
1*
b10001110011100 c
b10101010 (
b10101010 =
b10101010 a
b110100000 P
b100000 '
b100000 <
b100000 N
0,
#895000
b10001110011100 "
b10001110011100 E
b10001110011100 h
1j
b10010110 i
1H
b1111100110011110 m
b10101010 J
b10101010 g
b10101010 k
b11111111111111111111011010000000 #
b11111111111111111111011010000000 F
b11111111111111111111011010000000 _
1@
b10011 B
b10011 `
b10011 l
1^
b10000000 ]
b11011010100000 $
b11011010100000 G
b11011010100000 U
b1111101110100010 c
b1101 C
b1101 V
b1101 b
b1001100000 Y
b100000 K
b100000 T
b100000 W
1,
#900000
b101001100000 Y
b1010011 7
b1010011 ?
b1010011 X
08
b0 6
b0 >
b0 O
b1111101011111001 c
b10011101 (
b10011101 =
b10011101 a
0)
b0 P
b0 '
b0 <
b0 N
0,
#905000
0A
b0 c
b0 C
b0 V
b0 b
0I
b0 Y
b0 K
b0 T
b0 W
b11100000 #
b11100000 F
b11100000 _
b1010011 B
b1010011 `
b1010011 l
b100000 ]
b1111010010101 "
b1111010010101 E
b1111010010101 h
b1101 i
b1101111111100111 m
b10011101 J
b10011101 g
b10011101 k
b11111111111111111111100110011110 !
b11111111111111111111100110011110 D
b11111111111111111111100110011110 s
1u
b10011 t
1r
b10101010 q
1,
#910000
09
b0 7
b0 ?
b0 X
0*
b0 (
b0 =
b0 a
0,
#915000
b11111111111111111101100110000101 !
b11111111111111111101100110000101 D
b11111111111111111101100110000101 s
b1010011 t
b10011101 q
0j
b0 i
0H
b0 J
b0 g
b0 k
0@
b0 m
b0 B
b0 `
b0 l
0^
b0 ]
1,
#916000
b1010 4
b100011 3
b11001111 2
b11101 1
b10101110 0
b10 /
b11010101 .
b1101011 -
b101 ;
#920000
1+
0,
#925000
b0 $
b0 G
b0 U
b0 #
b0 F
b0 _
b0 "
b0 E
b0 h
b0 !
b0 D
b0 s
0u
b0 t
0r
b0 q
1,
#930000
18
b110000011111 P
b11101 6
b11101 >
b11101 O
1)
b1101011 '
b1101011 <
b1101011 N
0+
0,
#935000
b110000011111 $
b110000011111 G
b110000011111 U
1A
b11101 C
b11101 V
b11101 b
1I
b1101011 K
b1101011 T
b1101011 W
1,
#940000
19
b1110101110000101 Y
b11001111 7
b11001111 ?
b11001111 X
b100011 6
b100011 >
b100011 O
1*
b111010 c
b10 (
b10 =
b10 a
b1111101000011111 P
b11010101 '
b11010101 <
b11010101 N
0,
#945000
b11000111110 $
b11000111110 G
b11000111110 U
b1000110 c
b100011 C
b100011 V
b100011 b
b100000111011 Y
b11010101 K
b11010101 T
b11010101 W
b11111111111111111110101110000101 #
b11111111111111111110101110000101 F
b11111111111111111110101110000101 _
1@
b1111111110011110 m
b11001111 B
b11001111 `
b11001111 l
1^
b1101011 ]
b111010 "
b111010 E
b111010 h
1j
b11101 i
1H
b10 J
b10 g
b10 k
1,
#950000
b1111111001010010 Y
b1010 7
b1010 ?
b1010 X
08
b0 6
b0 >
b0 O
b1111010011001010 c
b10101110 (
b10101110 =
b10101110 a
0)
b0 P
b0 '
b0 <
b0 N
0,
#955000
b11111111111111111111111110011110 !
b11111111111111111111111110011110 D
b11111111111111111111111110011110 s
1u
b11001111 t
1r
b10 q
b11111111111111111111010100000100 "
b11111111111111111111010100000100 E
b11111111111111111111010100000100 h
b100011 i
b10101110 J
b10101110 g
b10101110 k
b11111111111111111110100111010111 #
b11111111111111111110100111010111 F
b11111111111111111110100111010111 _
b1111110011001100 m
b1010 B
b1010 `
b1010 l
b11010101 ]
0A
b0 c
b0 C
b0 V
b0 b
0I
b0 Y
b0 K
b0 T
b0 W
1,
#960000
09
b0 7
b0 ?
b0 X
0*
b0 (
b0 =
b0 a
0,
#965000
0@
b0 B
b0 `
b0 l
0^
b0 ]
0j
b0 i
0H
b0 m
b0 J
b0 g
b0 k
b11111111111111111111110001101010 !
b11111111111111111111110001101010 D
b11111111111111111111110001101010 s
b1010 t
b10101110 q
1,
#966000
b10001001 4
b1111000 3
b11011000 2
b1000001 1
b10001010 0
b11110010 /
b111100 .
b11001010 -
b110 ;
#970000
1+
0,
#975000
b0 !
b0 D
b0 s
0u
b0 t
0r
b0 q
b0 "
b0 E
b0 h
b0 #
b0 F
b0 _
b0 $
b0 G
b0 U
1,
#980000
18
b1111001001001010 P
b1000001 6
b1000001 >
b1000001 O
1)
b11001010 '
b11001010 <
b11001010 N
0+
0,
#985000
b11111111111111111111001001001010 $
b11111111111111111111001001001010 G
b11111111111111111111001001001010 U
1A
b1000001 C
b1000001 V
b1000001 b
1I
b11001010 K
b11001010 T
b11001010 W
1,
#990000
19
b100001110000 Y
b11011000 7
b11011000 ?
b11011000 X
b1111000 6
b1111000 >
b1111000 O
1*
b1111110001110010 c
b11110010 (
b11110010 =
b11110010 a
b1110000100000 P
b111100 '
b111100 <
b111100 N
0,
#995000
b11111111111111111111110001110010 "
b11111111111111111111110001110010 E
b11111111111111111111110001110010 h
1j
b1000001 i
1H
b1000110000 m
b11110010 J
b11110010 g
b11110010 k
b100001110000 #
b100001110000 F
b100001110000 _
1@
b11011000 B
b11011000 `
b11011000 l
1^
b11001010 ]
b111001101010 $
b111001101010 G
b111001101010 U
b1111100101110000 c
b1111000 C
b1111000 V
b1111000 b
b1111011010100000 Y
b111100 K
b111100 T
b111100 W
1,
#1000000
b1110010000011100 Y
b10001001 7
b10001001 ?
b10001001 X
08
b0 6
b0 >
b0 O
b1100100010110000 c
b10001010 (
b10001010 =
b10001010 a
0)
b0 P
b0 '
b0 <
b0 N
0,
#1005000
0A
b0 c
b0 C
b0 V
b0 b
0I
b0 Y
b0 K
b0 T
b0 W
b11111111111111111110110010001100 #
b11111111111111111110110010001100 F
b11111111111111111110110010001100 _
b10001001 B
b10001001 `
b10001001 l
b111100 ]
b11111111111111111100010100100010 "
b11111111111111111100010100100010 E
b11111111111111111100010100100010 h
b1111000 i
b11011011011010 m
b10001010 J
b10001010 g
b10001010 k
b1000110000 !
b1000110000 D
b1000110000 s
1u
b11011000 t
1r
b11110010 q
1,
#1010000
09
b0 7
b0 ?
b0 X
0*
b0 (
b0 =
b0 a
0,
#1015000
b11100100001010 !
b11100100001010 D
b11100100001010 s
b10001001 t
b10001010 q
0j
b0 i
0H
b0 J
b0 g
b0 k
0@
b0 m
b0 B
b0 `
b0 l
0^
b0 ]
1,
#1016000
b1110001 4
b1011 3
b101010 2
b10111100 1
b10101110 0
b11000110 /
b10110110 .
b11101011 -
b111 ;
#1020000
1+
0,
#1025000
b0 $
b0 G
b0 U
b0 #
b0 F
b0 _
b0 "
b0 E
b0 h
b0 !
b0 D
b0 s
0u
b0 t
0r
b0 q
1,
#1030000
18
b10110010100 P
b10111100 6
b10111100 >
b10111100 O
1)
b11101011 '
b11101011 <
b11101011 N
0+
0,
#1035000
b10110010100 $
b10110010100 G
b10110010100 U
1A
b10111100 C
b10111100 V
b10111100 b
1I
b11101011 K
b11101011 T
b11101011 W
1,
#1040000
19
b1111110010001110 Y
b101010 7
b101010 ?
b101010 X
b1011 6
b1011 >
b1011 O
1*
b111101101000 c
b11000110 (
b11000110 =
b11000110 a
b1111110011010010 P
b10110110 '
b10110110 <
b10110110 N
0,
#1045000
b1001100110 $
b1001100110 G
b1001100110 U
b1111110110000010 c
b1011 C
b1011 V
b1011 b
b1111001111011100 Y
b10110110 K
b10110110 T
b10110110 W
b11111111111111111111110010001110 #
b11111111111111111111110010001110 F
b11111111111111111111110010001110 _
1@
b1111011001111100 m
b101010 B
b101010 `
b101010 l
1^
b11101011 ]
b111101101000 "
b111101101000 E
b111101101000 h
1j
b10111100 i
1H
b11000110 J
b11000110 g
b11000110 k
1,
#1050000
b1101111101010110 Y
b1110001 7
b1110001 ?
b1110001 X
08
b0 6
b0 >
b0 O
b1111110001111010 c
b10101110 (
b10101110 =
b10101110 a
0)
b0 P
b0 '
b0 <
b0 N
0,
#1055000
b11111111111111111111011001111100 !
b11111111111111111111011001111100 D
b11111111111111111111011001111100 s
1u
b101010 t
1r
b11000110 q
b101111100010 "
b101111100010 E
b101111100010 h
b1011 i
b10101110 J
b10101110 g
b10101110 k
b11111111111111111101101111100100 #
b11111111111111111101101111100100 F
b11111111111111111101101111100100 _
b1101101111001110 m
b1110001 B
b1110001 `
b1110001 l
b10110110 ]
0A
b0 c
b0 C
b0 V
b0 b
0I
b0 Y
b0 K
b0 T
b0 W
1,
#1060000
09
b0 7
b0 ?
b0 X
0*
b0 (
b0 =
b0 a
0,
#1065000
0@
b0 B
b0 `
b0 l
0^
b0 ]
0j
b0 i
0H
b0 m
b0 J
b0 g
b0 k
b11111111111111111101001001001010 !
b11111111111111111101001001001010 D
b11111111111111111101001001001010 s
b1110001 t
b10101110 q
1,
#1066000
b11011001 4
b11110001 3
b10101 2
b1111110 1
b111010 0
b111011 /
b1001111 .
b10000101 -
b1000 ;
#1070000
1+
0,
#1075000
b0 !
b0 D
b0 s
0u
b0 t
0r
b0 q
b0 "
b0 E
b0 h
b0 #
b0 F
b0 _
b0 $
b0 G
b0 U
1,
#1080000
18
b1100001101110110 P
b1111110 6
b1111110 >
b1111110 O
1)
b10000101 '
b10000101 <
b10000101 N
0+
0,
#1085000
b11111111111111111100001101110110 $
b11111111111111111100001101110110 G
b11111111111111111100001101110110 U
1A
b1111110 C
b1111110 V
b1111110 b
1I
b10000101 K
b10000101 T
b10000101 W
1,
#1090000
19
b1111010111101001 Y
b10101 7
b10101 ?
b10101 X
b11110001 6
b11110001 >
b11110001 O
1*
b1110100001010 c
b111011 (
b111011 =
b111011 a
b1111101101011111 P
b1001111 '
b1001111 <
b1001111 N
0,
#1095000
b1110100001010 "
b1110100001010 E
b1110100001010 h
1j
b1111110 i
1H
b10011010111 m
b111011 J
b111011 g
b111011 k
b11111111111111111111010111101001 #
b11111111111111111111010111101001 F
b11111111111111111111010111101001 _
1@
b10101 B
b10101 `
b10101 l
1^
b10000101 ]
b11111111111111111011111011010101 $
b11111111111111111011111011010101 G
b11111111111111111011111011010101 U
b1111110010001011 c
b11110001 C
b11110001 V
b11110001 b
b11001111011 Y
b1001111 K
b1001111 T
b1001111 W
1,
#1100000
b1111001111110111 Y
b11011001 7
b11011001 ?
b11011001 X
08
b0 6
b0 >
b0 O
b1111110010011010 c
b111010 (
b111010 =
b111010 a
0)
b0 P
b0 '
b0 <
b0 N
0,
#1105000
0A
b0 c
b0 C
b0 V
b0 b
0I
b0 Y
b0 K
b0 T
b0 W
b11111111111111111110100111100000 #
b11111111111111111110100111100000 F
b11111111111111111110100111100000 _
b11011001 B
b11011001 `
b11011001 l
b1001111 ]
b1100110100100 "
b1100110100100 E
b1100110100100 h
b11110001 i
b1111011100101010 m
b111010 J
b111010 g
b111010 k
b10011010111 !
b10011010111 D
b10011010111 s
1u
b10101 t
1r
b111011 q
1,
#1110000
09
b0 7
b0 ?
b0 X
0*
b0 (
b0 =
b0 a
0,
#1115000
b11111111111111111111110000000001 !
b11111111111111111111110000000001 D
b11111111111111111111110000000001 s
b11011001 t
b111010 q
0j
b0 i
0H
b0 J
b0 g
b0 k
0@
b0 m
b0 B
b0 `
b0 l
0^
b0 ]
1,
#1116000
b1011100 4
b10011111 3
b10110111 2
b11111000 1
b10001111 0
b10011111 /
b1001100 .
b1100010 -
b1001 ;
#1120000
1+
0,
#1125000
b0 $
b0 G
b0 U
b0 #
b0 F
b0 _
b0 "
b0 E
b0 h
b0 !
b0 D
b0 s
0u
b0 t
0r
b0 q
1,
#1130000
18
b1111110011110000 P
b11111000 6
b11111000 >
b11111000 O
1)
b1100010 '
b1100010 <
b1100010 N
0+
0,
#1135000
b11111111111111111111110011110000 $
b11111111111111111111110011110000 G
b11111111111111111111110011110000 U
1A
b11111000 C
b11111000 V
b11111000 b
1I
b1100010 K
b1100010 T
b1100010 W
1,
#1140000
19
b1110010000001110 Y
b10110111 7
b10110111 ?
b10110111 X
b10011111 6
b10011111 >
b10011111 O
1*
b1100001000 c
b10011111 (
b10011111 =
b10011111 a
b1110001100110100 P
b1001100 '
b1001100 <
b1001100 N
0,
#1145000
b11111111111111111110000000100100 $
b11111111111111111110000000100100 G
b11111111111111111110000000100100 U
b10010011000001 c
b10011111 C
b10011111 V
b10011111 b
b1110101001010100 Y
b1001100 K
b1001100 T
b1001100 W
b11111111111111111110010000001110 #
b11111111111111111110010000001110 F
b11111111111111111110010000001110 _
1@
b1101110101001 m
b10110111 B
b10110111 `
b10110111 l
1^
b1100010 ]
b1100001000 "
b1100001000 E
b1100001000 h
1j
b11111000 i
1H
b10011111 J
b10011111 g
b10011111 k
1,
#1150000
b1101101010000 Y
b1011100 7
b1011100 ?
b1011100 X
08
b0 6
b0 >
b0 O
b10101011010001 c
b10001111 (
b10001111 =
b10001111 a
0)
b0 P
b0 '
b0 <
b0 N
0,
#1155000
b1101110101001 !
b1101110101001 D
b1101110101001 s
1u
b10110111 t
1r
b10011111 q
b10110111011001 "
b10110111011001 E
b10110111011001 h
b10011111 i
b10001111 J
b10001111 g
b10001111 k
b11111111111111111111111101011110 #
b11111111111111111111111101011110 F
b11111111111111111111111101011110 _
b1101011101100100 m
b1011100 B
b1011100 `
b1011100 l
b1001100 ]
0A
b0 c
b0 C
b0 V
b0 b
0I
b0 Y
b0 K
b0 T
b0 W
1,
#1160000
09
b0 7
b0 ?
b0 X
0*
b0 (
b0 =
b0 a
0,
#1165000
0@
b0 B
b0 `
b0 l
0^
b0 ]
0j
b0 i
0H
b0 m
b0 J
b0 g
b0 k
b11111111111111111111001100001101 !
b11111111111111111111001100001101 D
b11111111111111111111001100001101 s
b1011100 t
b10001111 q
1,
#1166000
b1100 4
b10010110 3
b1010001 2
b11010111 1
b11010000 0
b1001001 /
b10001001 .
b1011011 -
b1010 ;
#1170000
1+
0,
#1175000
b0 !
b0 D
b0 s
0u
b0 t
0r
b0 q
b0 "
b0 E
b0 h
b0 #
b0 F
b0 _
b0 $
b0 G
b0 U
1,
#1180000
18
b1111000101101101 P
b11010111 6
b11010111 >
b11010111 O
1)
b1011011 '
b1011011 <
b1011011 N
0+
0,
#1185000
b11111111111111111111000101101101 $
b11111111111111111111000101101101 G
b11111111111111111111000101101101 U
1A
b11010111 C
b11010111 V
b11010111 b
1I
b1011011 K
b1011011 T
b1011011 W
1,
#1190000
19
b1110011001011 Y
b1010001 7
b1010001 ?
b1010001 X
b10010110 6
b10010110 >
b10010110 O
1*
b1111010001001111 c
b1001001 (
b1001001 =
b1001001 a
b11000101000110 P
b10001001 '
b10001001 <
b10001001 N
0,
#1195000
b11111111111111111111010001001111 "
b11111111111111111111010001001111 E
b11111111111111111111010001001111 h
1j
b11010111 i
1H
b1011100011001 m
b1001001 J
b1001001 g
b1001001 k
b1110011001011 #
b1110011001011 F
b1110011001011 _
1@
b1010001 B
b1010001 `
b1010001 l
1^
b1011011 ]
b10001010110011 $
b10001010110011 G
b10001010110011 U
b1110000111000110 c
b10010110 C
b10010110 V
b10010110 b
b1101101001011001 Y
b10001001 K
b10001001 T
b10001001 W
1,
#1200000
b1111101001101100 Y
b1100 7
b1100 ?
b1100 X
08
b0 6
b0 >
b0 O
b1001111100000 c
b11010000 (
b11010000 =
b11010000 a
0)
b0 P
b0 '
b0 <
b0 N
0,
#1205000
0A
b0 c
b0 C
b0 V
b0 b
0I
b0 Y
b0 K
b0 T
b0 W
b1011100110111 #
b1011100110111 F
b1011100110111 _
b1100 B
b1100 `
b1100 l
b10001001 ]
b100000101111 "
b100000101111 E
b100000101111 h
b10010110 i
b1111110111000000 m
b11010000 J
b11010000 g
b11010000 k
b1011100011001 !
b1011100011001 D
b1011100011001 s
1u
b1010001 t
1r
b1001001 q
1,
#1210000
09
b0 7
b0 ?
b0 X
0*
b0 (
b0 =
b0 a
0,
#1215000
b1010011011001 !
b1010011011001 D
b1010011011001 s
b1100 t
b11010000 q
0j
b0 i
0H
b0 J
b0 g
b0 k
0@
b0 m
b0 B
b0 `
b0 l
0^
b0 ]
1,
#1216000
b111001 4
b1101101 3
b1111110 2
b10010 1
b111101 0
b1110111 /
b11001000 .
b11000010 -
b1011 ;
#1220000
1+
0,
#1225000
b0 $
b0 G
b0 U
b0 #
b0 F
b0 _
b0 "
b0 E
b0 h
b0 !
b0 D
b0 s
0u
b0 t
0r
b0 q
1,
#1230000
18
b1111101110100100 P
b10010 6
b10010 >
b10010 O
1)
b11000010 '
b11000010 <
b11000010 N
0+
0,
#1235000
b11111111111111111111101110100100 $
b11111111111111111111101110100100 G
b11111111111111111111101110100100 U
1A
b10010 C
b10010 V
b10010 b
1I
b11000010 K
b11000010 T
b11000010 W
1,
#1240000
19
b1110000101111100 Y
b1111110 7
b1111110 ?
b1111110 X
b1101101 6
b1101101 >
b1101101 O
1*
b100001011110 c
b1110111 (
b1110111 =
b1110111 a
b1110100000101000 P
b11001000 '
b11001000 <
b11001000 N
0,
#1245000
b11111111111111111110001111001100 $
b11111111111111111110001111001100 G
b11111111111111111110001111001100 U
b11001010101011 c
b1101101 C
b1101101 V
b1101101 b
b1110010001110000 Y
b11001000 K
b11001000 T
b11001000 W
b11111111111111111110000101111100 #
b11111111111111111110000101111100 F
b11111111111111111110000101111100 _
1@
b11101010010010 m
b1111110 B
b1111110 `
b1111110 l
1^
b11000010 ]
b100001011110 "
b100001011110 E
b100001011110 h
1j
b10010 i
1H
b1110111 J
b1110111 g
b1110111 k
1,
#1250000
b1111001110001000 Y
b111001 7
b111001 ?
b111001 X
08
b0 6
b0 >
b0 O
b1100111111001 c
b111101 (
b111101 =
b111101 a
0)
b0 P
b0 '
b0 <
b0 N
0,
#1255000
b11101010010010 !
b11101010010010 D
b11101010010010 s
1u
b1111110 t
1r
b1110111 q
b10001001010111 "
b10001001010111 E
b10001001010111 h
b1101101 i
b111101 J
b111101 g
b111101 k
b11111111111111111101010100000100 #
b11111111111111111101010100000100 F
b11111111111111111101010100000100 _
b110110010101 m
b111001 B
b111001 `
b111001 l
b11001000 ]
0A
b0 c
b0 C
b0 V
b0 b
0I
b0 Y
b0 K
b0 T
b0 W
1,
#1260000
09
b0 7
b0 ?
b0 X
0*
b0 (
b0 =
b0 a
0,
#1265000
0@
b0 B
b0 `
b0 l
0^
b0 ]
0j
b0 i
0H
b0 m
b0 J
b0 g
b0 k
b100100000100111 !
b100100000100111 D
b100100000100111 s
b111001 t
b111101 q
1,
#1266000
b101010 4
b111111 3
b1001001 2
b1011011 1
b1111000 0
b10000101 /
b11010011 .
b11111 -
b1100 ;
#1270000
1+
0,
#1275000
b0 !
b0 D
b0 s
0u
b0 t
0r
b0 q
b0 "
b0 E
b0 h
b0 #
b0 F
b0 _
b0 $
b0 G
b0 U
1,
#1280000
18
b101100000101 P
b1011011 6
b1011011 >
b1011011 O
1)
b11111 '
b11111 <
b11111 N
0+
0,
#1285000
b101100000101 $
b101100000101 G
b101100000101 U
1A
b1011011 C
b1011011 V
b1011011 b
1I
b11111 K
b11111 T
b11111 W
1,
#1290000
19
b100011010111 Y
b1001001 7
b1001001 ?
b1001001 X
b111111 6
b111111 >
b111111 O
1*
b1101010001000111 c
b10000101 (
b10000101 =
b10000101 a
b1111010011101101 P
b11010011 '
b11010011 <
b11010011 N
0,
#1295000
b11111111111111111101010001000111 "
b11111111111111111101010001000111 E
b11111111111111111101010001000111 h
1j
b1011011 i
1H
b1101110011101101 m
b10000101 J
b10000101 g
b10000101 k
b100011010111 #
b100011010111 F
b100011010111 _
1@
b1001001 B
b1001001 `
b1001001 l
1^
b11111 ]
b11111111111111111111111111110010 $
b11111111111111111111111111110010 G
b11111111111111111111111111110010 U
b1110000110111011 c
b111111 C
b111111 V
b111111 b
b1111001100101011 Y
b11010011 K
b11010011 T
b11010011 W
1,
#1300000
b1111100010011110 Y
b101010 7
b101010 ?
b101010 X
08
b0 6
b0 >
b0 O
b1110110001000 c
b1111000 (
b1111000 =
b1111000 a
0)
b0 P
b0 '
b0 <
b0 N
0,
#1305000
0A
b0 c
b0 C
b0 V
b0 b
0I
b0 Y
b0 K
b0 T
b0 W
b101110101 #
b101110101 F
b101110101 _
b101010 B
b101010 `
b101010 l
b11010011 ]
b11111111111111111111000111001111 "
b11111111111111111111000111001111 E
b11111111111111111111000111001111 h
b111111 i
b1001110110000 m
b1111000 J
b1111000 g
b1111000 k
b11111111111111111101110011101101 !
b11111111111111111101110011101101 D
b11111111111111111101110011101101 s
1u
b1001001 t
1r
b10000101 q
1,
#1310000
09
b0 7
b0 ?
b0 X
0*
b0 (
b0 =
b0 a
0,
#1315000
b11111111111111111111000010011101 !
b11111111111111111111000010011101 D
b11111111111111111111000010011101 s
b101010 t
b1111000 q
0j
b0 i
0H
b0 J
b0 g
b0 k
0@
b0 m
b0 B
b0 `
b0 l
0^
b0 ]
1,
#1316000
b10100011 4
b1110011 3
b100110 2
b11111010 1
b10011100 0
b10001110 /
b10000110 .
b1011000 -
b1101 ;
#1320000
1+
0,
#1325000
b0 $
b0 G
b0 U
b0 #
b0 F
b0 _
b0 "
b0 E
b0 h
b0 !
b0 D
b0 s
0u
b0 t
0r
b0 q
1,
#1330000
18
b1111110111110000 P
b11111010 6
b11111010 >
b11111010 O
1)
b1011000 '
b1011000 <
b1011000 N
0+
0,
#1335000
b11111111111111111111110111110000 $
b11111111111111111111110111110000 G
b11111111111111111111110111110000 U
1A
b11111010 C
b11111010 V
b11111010 b
1I
b1011000 K
b1011000 T
b1011000 W
1,
#1340000
19
b110100010000 Y
b100110 7
b100110 ?
b100110 X
b1110011 6
b1110011 >
b1110011 O
1*
b1010101100 c
b10001110 (
b10001110 =
b10001110 a
b1100100100110010 P
b10000110 '
b10000110 <
b10000110 N
0,
#1345000
b11111111111111111100011100100010 $
b11111111111111111100011100100010 G
b11111111111111111100011100100010 U
b1100110011001010 c
b1110011 C
b1110011 V
b1110011 b
b1110110111100100 Y
b10000110 K
b10000110 T
b10000110 W
b110100010000 #
b110100010000 F
b110100010000 _
1@
b1110111100010100 m
b100110 B
b100110 `
b100110 l
1^
b1011000 ]
b1010101100 "
b1010101100 E
b1010101100 h
1j
b11111010 i
1H
b10001110 J
b10001110 g
b10001110 k
1,
#1350000
b10110001010010 Y
b10100011 7
b10100011 ?
b10100011 X
08
b0 6
b0 >
b0 O
b1101001100010100 c
b10011100 (
b10011100 =
b10011100 a
0)
b0 P
b0 '
b0 <
b0 N
0,
#1355000
b11111111111111111110111100010100 !
b11111111111111111110111100010100 D
b11111111111111111110111100010100 s
1u
b100110 t
1r
b10001110 q
b11111111111111111101010111000000 "
b11111111111111111101010111000000 E
b11111111111111111101010111000000 h
b1110011 i
b10011100 J
b10011100 g
b10011100 k
b11100101100010 #
b11100101100010 F
b11100101100010 _
b10010001010100 m
b10100011 B
b10100011 `
b10100011 l
b10000110 ]
0A
b0 c
b0 C
b0 V
b0 b
0I
b0 Y
b0 K
b0 T
b0 W
1,
#1360000
09
b0 7
b0 ?
b0 X
0*
b0 (
b0 =
b0 a
0,
#1365000
0@
b0 B
b0 `
b0 l
0^
b0 ]
0j
b0 i
0H
b0 m
b0 J
b0 g
b0 k
b1001101101000 !
b1001101101000 D
b1001101101000 s
b10100011 t
b10011100 q
1,
#1366000
b1011010 4
b11100110 3
b11001011 2
b11110111 1
b1000100 0
b1011111 /
b10110011 .
b101111 -
b1110 ;
#1370000
1+
0,
#1375000
b0 !
b0 D
b0 s
0u
b0 t
0r
b0 q
b0 "
b0 E
b0 h
b0 #
b0 F
b0 _
b0 $
b0 G
b0 U
1,
#1380000
18
b1111111001011001 P
b11110111 6
b11110111 >
b11110111 O
1)
b101111 '
b101111 <
b101111 N
0+
0,
#1385000
b11111111111111111111111001011001 $
b11111111111111111111111001011001 G
b11111111111111111111111001011001 U
1A
b11110111 C
b11110111 V
b11110111 b
1I
b101111 K
b101111 T
b101111 W
1,
#1390000
19
b1111011001000101 Y
b11001011 7
b11001011 ?
b11001011 X
b11100110 6
b11100110 >
b11100110 O
1*
b1111110010101001 c
b1011111 (
b1011111 =
b1011111 a
b11111010010 P
b10110011 '
b10110011 <
b10110011 N
0,
#1395000
b11111111111111111111110010101001 "
b11111111111111111111110010101001 E
b11111111111111111111110010101001 h
1j
b11110111 i
1H
b1110110001010101 m
b1011111 J
b1011111 g
b1011111 k
b11111111111111111111011001000101 #
b11111111111111111111011001000101 F
b11111111111111111111011001000101 _
1@
b11001011 B
b11001011 `
b11001011 l
1^
b101111 ]
b11000101011 $
b11000101011 G
b11000101011 U
b1111011001011010 c
b11100110 C
b11100110 V
b11100110 b
b111111110001 Y
b10110011 K
b10110011 T
b10110011 W
1,
#1400000
b1110010011101110 Y
b1011010 7
b1011010 ?
b1011010 X
08
b0 6
b0 >
b0 O
b1111100100011000 c
b1000100 (
b1000100 =
b1000100 a
0)
b0 P
b0 '
b0 <
b0 N
0,
#1405000
0A
b0 c
b0 C
b0 V
b0 b
0I
b0 Y
b0 K
b0 T
b0 W
b11111111111111111101101100110011 #
b11111111111111111101101100110011 F
b11111111111111111101101100110011 _
b1011010 B
b1011010 `
b1011010 l
b10110011 ]
b11111111111111111111010111000001 "
b11111111111111111111010111000001 E
b11111111111111111111010111000001 h
b11100110 i
b1011111101000 m
b1000100 J
b1000100 g
b1000100 k
b11111111111111111110110001010101 !
b11111111111111111110110001010101 D
b11111111111111111110110001010101 s
1u
b11001011 t
1r
b1011111 q
1,
#1410000
09
b0 7
b0 ?
b0 X
0*
b0 (
b0 =
b0 a
0,
#1415000
b10000111101 !
b10000111101 D
b10000111101 s
b1011010 t
b1000100 q
0j
b0 i
0H
b0 J
b0 g
b0 k
0@
b0 m
b0 B
b0 `
b0 l
0^
b0 ]
1,
#1416000
b1000100 4
b1111001 3
b11011111 2
b10110101 1
b1100101 0
b11011010 /
b11101101 .
b101001 -
b1111 ;
#1420000
1+
0,
#1425000
b0 $
b0 G
b0 U
b0 #
b0 F
b0 _
b0 "
b0 E
b0 h
b0 !
b0 D
b0 s
0u
b0 t
0r
b0 q
1,
#1430000
18
b1111001111111101 P
b10110101 6
b10110101 >
b10110101 O
1)
b101001 '
b101001 <
b101001 N
0+
0,
#1435000
b11111111111111111111001111111101 $
b11111111111111111111001111111101 G
b11111111111111111111001111111101 U
1A
b10110101 C
b10110101 V
b10110101 b
1I
b101001 K
b101001 T
b101001 W
1,
#1440000
19
b1111101010110111 Y
b11011111 7
b11011111 ?
b11011111 X
b1111001 6
b1111001 >
b1111001 O
1*
b101100100010 c
b11011010 (
b11011010 =
b11011010 a
b1111011100000101 P
b11101101 '
b11101101 <
b11101101 N
0,
#1445000
b11111111111111111110101100000010 $
b11111111111111111110101100000010 G
b11111111111111111110101100000010 U
b1110111000001010 c
b1111001 C
b1111001 V
b1111001 b
b1001110011 Y
b11101101 K
b11101101 T
b11101101 W
b11111111111111111111101010110111 #
b11111111111111111111101010110111 F
b11111111111111111111101010110111 _
1@
b10011100110 m
b11011111 B
b11011111 `
b11011111 l
1^
b101001 ]
b101100100010 "
b101100100010 E
b101100100010 h
1j
b10110101 i
1H
b11011010 J
b11011010 g
b11011010 k
1,
#1450000
b1111101011110100 Y
b1000100 7
b1000100 ?
b1000100 X
08
b0 6
b0 >
b0 O
b10111110111101 c
b1100101 (
b1100101 =
b1100101 a
0)
b0 P
b0 '
b0 <
b0 N
0,
#1455000
b10011100110 !
b10011100110 D
b10011100110 s
1u
b11011111 t
1r
b11011010 q
b11101011011111 "
b11101011011111 E
b11101011011111 h
b1111001 i
b1100101 J
b1100101 g
b1100101 k
b11111111111111111111010110101011 #
b11111111111111111111010110101011 F
b11111111111111111111010110101011 _
b1101011010100 m
b1000100 B
b1000100 `
b1000100 l
b11101101 ]
0A
b0 c
b0 C
b0 V
b0 b
0I
b0 Y
b0 K
b0 T
b0 W
1,
#1460000
09
b0 7
b0 ?
b0 X
0*
b0 (
b0 =
b0 a
0,
#1465000
0@
b0 B
b0 `
b0 l
0^
b0 ]
0j
b0 i
0H
b0 m
b0 J
b0 g
b0 k
b1111110111010 !
b1111110111010 D
b1111110111010 s
b1000100 t
b1100101 q
1,
#1466000
b11000011 4
b11111101 3
b10011010 2
b11011100 1
b1110 0
b10101011 /
b101010 .
b11010000 -
b10000 ;
#1470000
1+
0,
#1475000
b0 !
b0 D
b0 s
0u
b0 t
0r
b0 q
b0 "
b0 E
b0 h
b0 #
b0 F
b0 _
b0 $
b0 G
b0 U
1,
#1480000
18
b11011000000 P
b11011100 6
b11011100 >
b11011100 O
1)
b11010000 '
b11010000 <
b11010000 N
0+
0,
#1485000
b11011000000 $
b11011000000 G
b11011000000 U
1A
b11011100 C
b11011100 V
b11011100 b
1I
b11010000 K
b11010000 T
b11010000 W
1,
#1490000
19
b1001100100000 Y
b10011010 7
b10011010 ?
b10011010 X
b11111101 6
b11111101 >
b11111101 O
1*
b101111110100 c
b10101011 (
b10101011 =
b10101011 a
b1111111110000010 P
b101010 '
b101010 <
b101010 N
0,
#1495000
b101111110100 "
b101111110100 E
b101111110100 h
1j
b11011100 i
1H
b10000111011110 m
b10101011 J
b10101011 g
b10101011 k
b1001100100000 #
b1001100100000 F
b1001100100000 _
1@
b10011010 B
b10011010 `
b10011010 l
1^
b11010000 ]
b11001000010 $
b11001000010 G
b11001000010 U
b11111111 c
b11111101 C
b11111101 V
b11111101 b
b1110111101000100 Y
b101010 K
b101010 T
b101010 W
1,
#1500000
b1111010111111110 Y
b11000011 7
b11000011 ?
b11000011 X
08
b0 6
b0 >
b0 O
b1111111111010110 c
b1110 (
b1110 =
b1110 a
0)
b0 P
b0 '
b0 <
b0 N
0,
#1505000
0A
b0 c
b0 C
b0 V
b0 b
0I
b0 Y
b0 K
b0 T
b0 W
b100100011110 #
b100100011110 F
b100100011110 _
b11000011 B
b11000011 `
b11000011 l
b101010 ]
b101111001010 "
b101111001010 E
b101111001010 h
b11111101 i
b1111110010101010 m
b1110 J
b1110 g
b1110 k
b10000111011110 !
b10000111011110 D
b10000111011110 s
1u
b10011010 t
1r
b10101011 q
1,
#1510000
09
b0 7
b0 ?
b0 X
0*
b0 (
b0 =
b0 a
0,
#1515000
b1111010001000 !
b1111010001000 D
b1111010001000 s
b11000011 t
b1110 q
0j
b0 i
0H
b0 J
b0 g
b0 k
0@
b0 m
b0 B
b0 `
b0 l
0^
b0 ]
1,
#1516000
b10111000 4
b1111001 3
b111000 2
b10110110 1
b1010 0
b1100111 /
b1001110 .
b1010110 -
b10001 ;
#1520000
1+
0,
#1525000
b0 $
b0 G
b0 U
b0 #
b0 F
b0 _
b0 "
b0 E
b0 h
b0 !
b0 D
b0 s
0u
b0 t
0r
b0 q
1,
#1530000
18
b1110011100100100 P
b10110110 6
b10110110 >
b10110110 O
1)
b1010110 '
b1010110 <
b1010110 N
0+
0,
#1535000
b11111111111111111110011100100100 $
b11111111111111111110011100100100 G
b11111111111111111110011100100100 U
1A
b10110110 C
b10110110 V
b10110110 b
1I
b1010110 K
b1010110 T
b1010110 W
1,
#1540000
19
b1001011010000 Y
b111000 7
b111000 ?
b111000 X
b1111001 6
b1111001 >
b1111001 O
1*
b1110001000111010 c
b1100111 (
b1100111 =
b1100111 a
b10010011011110 P
b1001110 '
b1001110 <
b1001110 N
0,
#1545000
b110000000010 $
b110000000010 G
b110000000010 U
b11000010101111 c
b1111001 C
b1111001 V
b1111001 b
b1000100010000 Y
b1001110 K
b1001110 T
b1001110 W
b1001011010000 #
b1001011010000 F
b1001011010000 _
1@
b1011010001000 m
b111000 B
b111000 `
b111000 l
1^
b1010110 ]
b11111111111111111110001000111010 "
b11111111111111111110001000111010 E
b11111111111111111110001000111010 h
1j
b10110110 i
1H
b1100111 J
b1100111 g
b1100111 k
1,
#1550000
b1110101000010000 Y
b10111000 7
b10111000 ?
b10111000 X
08
b0 6
b0 >
b0 O
b10010111010 c
b1010 (
b1010 =
b1010 a
0)
b0 P
b0 '
b0 <
b0 N
0,
#1555000
b1011010001000 !
b1011010001000 D
b1011010001000 s
1u
b111000 t
1r
b1100111 q
b11111111111111111110011011110100 "
b11111111111111111110011011110100 E
b11111111111111111110011011110100 h
b1111001 i
b1010 J
b1010 g
b1010 k
b11111111111111111111110011100000 #
b11111111111111111111110011100000 F
b11111111111111111111110011100000 _
b1111110100110000 m
b10111000 B
b10111000 `
b10111000 l
b1001110 ]
0A
b0 c
b0 C
b0 V
b0 b
0I
b0 Y
b0 K
b0 T
b0 W
1,
#1560000
09
b0 7
b0 ?
b0 X
0*
b0 (
b0 =
b0 a
0,
#1565000
0@
b0 B
b0 `
b0 l
0^
b0 ]
0j
b0 i
0H
b0 m
b0 J
b0 g
b0 k
b1001110111000 !
b1001110111000 D
b1001110111000 s
b10111000 t
b1010 q
1,
#1566000
b1101101 4
b11011001 3
b1001101 2
b11011011 1
b1011001 0
b100 /
b10010011 .
b10010100 -
b10010 ;
#1570000
1+
0,
#1575000
b0 !
b0 D
b0 s
0u
b0 t
0r
b0 q
b0 "
b0 E
b0 h
b0 #
b0 F
b0 _
b0 $
b0 G
b0 U
1,
#1580000
18
b111110011100 P
b11011011 6
b11011011 >
b11011011 O
1)
b10010100 '
b10010100 <
b10010100 N
0+
0,
#1585000
b111110011100 $
b111110011100 G
b111110011100 U
1A
b11011011 C
b11011011 V
b11011011 b
1I
b10010100 K
b10010100 T
b10010100 W
1,
#1590000
19
b1101111110000100 Y
b1001101 7
b1001101 ?
b1001101 X
b11011001 6
b11011001 >
b11011001 O
1*
b1111111101101100 c
b100 (
b100 =
b100 a
b1000010011011 P
b10010011 '
b10010011 <
b10010011 N
0,
#1595000
b11111111111111111111111101101100 "
b11111111111111111111111101101100 E
b11111111111111111111111101101100 h
1j
b11011011 i
1H
b100110100 m
b100 J
b100 g
b100 k
b11111111111111111101111110000100 #
b11111111111111111101111110000100 F
b11111111111111111101111110000100 _
1@
b1001101 B
b1001101 `
b1001101 l
1^
b10010100 ]
b10000000110111 $
b10000000110111 G
b10000000110111 U
b1111111101100100 c
b11011001 C
b11011001 V
b11011001 b
b1101111100110111 Y
b10010011 K
b10010011 T
b10010011 W
1,
#1600000
b1101000110010111 Y
b1101101 7
b1101101 ?
b1101101 X
08
b0 6
b0 >
b0 O
b1111001001110001 c
b1011001 (
b1011001 =
b1011001 a
0)
b0 P
b0 '
b0 <
b0 N
0,
#1605000
0A
b0 c
b0 C
b0 V
b0 b
0I
b0 Y
b0 K
b0 T
b0 W
b11111111111111111011000100011011 #
b11111111111111111011000100011011 F
b11111111111111111011000100011011 _
b1101101 B
b1101101 `
b1101101 l
b10010011 ]
b11111111111111111111000111011101 "
b11111111111111111111000111011101 E
b11111111111111111111000111011101 h
b11011001 i
b10010111100101 m
b1011001 J
b1011001 g
b1011001 k
b100110100 !
b100110100 D
b100110100 s
1u
b1001101 t
1r
b100 q
1,
#1610000
09
b0 7
b0 ?
b0 X
0*
b0 (
b0 =
b0 a
0,
#1615000
b10011100011001 !
b10011100011001 D
b10011100011001 s
b1101101 t
b1011001 q
0j
b0 i
0H
b0 J
b0 g
b0 k
0@
b0 m
b0 B
b0 `
b0 l
0^
b0 ]
1,
#1616000
b1101001 4
b11110111 3
b100 2
b1000110 1
b10010101 0
b10110110 /
b11001010 .
b1110110 -
b10011 ;
#1620000
1+
0,
#1625000
b0 $
b0 G
b0 U
b0 #
b0 F
b0 _
b0 "
b0 E
b0 h
b0 !
b0 D
b0 s
0u
b0 t
0r
b0 q
1,
#1630000
18
b10000001000100 P
b1000110 6
b1000110 >
b1000110 O
1)
b1110110 '
b1110110 <
b1110110 N
0+
0,
#1635000
b10000001000100 $
b10000001000100 G
b10000001000100 U
1A
b1000110 C
b1000110 V
b1000110 b
1I
b1110110 K
b1110110 T
b1110110 W
1,
#1640000
19
b111011000 Y
b100 7
b100 ?
b100 X
b11110111 6
b11110111 >
b11110111 O
1*
b1110101111000100 c
b10110110 (
b10110110 =
b10110110 a
b111100110 P
b11001010 '
b11001010 <
b11001010 N
0,
#1645000
b10001000101010 $
b10001000101010 G
b10001000101010 U
b1010011010 c
b11110111 C
b11110111 V
b11110111 b
b1111111100101000 Y
b11001010 K
b11001010 T
b11001010 W
b111011000 #
b111011000 F
b111011000 _
1@
b1111111011011000 m
b100 B
b100 `
b100 l
1^
b1110110 ]
b11111111111111111110101111000100 "
b11111111111111111110101111000100 E
b11111111111111111110101111000100 h
1j
b1000110 i
1H
b10110110 J
b10110110 g
b10110110 k
1,
#1650000
b1110100111011010 Y
b1101001 7
b1101001 ?
b1101001 X
08
b0 6
b0 >
b0 O
b1111000011 c
b10010101 (
b10010101 =
b10010101 a
0)
b0 P
b0 '
b0 <
b0 N
0,
#1655000
b11111111111111111111111011011000 !
b11111111111111111111111011011000 D
b11111111111111111111111011011000 s
1u
b100 t
1r
b10110110 q
b11111111111111111110111110000111 "
b11111111111111111110111110000111 E
b11111111111111111110111110000111 h
b11110111 i
b10010101 J
b10010101 g
b10010101 k
b11111111111111111110101110110010 #
b11111111111111111110101110110010 F
b11111111111111111110101110110010 _
b1101010000011101 m
b1101001 B
b1101001 `
b1101001 l
b11001010 ]
0A
b0 c
b0 C
b0 V
b0 b
0I
b0 Y
b0 K
b0 T
b0 W
1,
#1660000
09
b0 7
b0 ?
b0 X
0*
b0 (
b0 =
b0 a
0,
#1665000
0@
b0 B
b0 `
b0 l
0^
b0 ]
0j
b0 i
0H
b0 m
b0 J
b0 g
b0 k
b11111111111111111101001011110101 !
b11111111111111111101001011110101 D
b11111111111111111101001011110101 s
b1101001 t
b10010101 q
1,
#1666000
b11100 4
b1000 3
b101110 2
b11000111 1
b101101 0
b101000 /
b10001000 .
b10110100 -
b10100 ;
#1670000
1+
0,
#1675000
b0 !
b0 D
b0 s
0u
b0 t
0r
b0 q
b0 "
b0 E
b0 h
b0 #
b0 F
b0 _
b0 $
b0 G
b0 U
1,
#1680000
18
b1000011101100 P
b11000111 6
b11000111 >
b11000111 O
1)
b10110100 '
b10110100 <
b10110100 N
0+
0,
#1685000
b1000011101100 $
b1000011101100 G
b1000011101100 U
1A
b11000111 C
b11000111 V
b11000111 b
1I
b10110100 K
b10110100 T
b10110100 W
1,
#1690000
19
b1111001001011000 Y
b101110 7
b101110 ?
b101110 X
b1000 6
b1000 >
b1000 O
1*
b1111011100011000 c
b101000 (
b101000 =
b101000 a
b1111110001000000 P
b10001000 '
b10001000 <
b10001000 N
0,
#1695000
b11111111111111111111011100011000 "
b11111111111111111111011100011000 E
b11111111111111111111011100011000 h
1j
b11000111 i
1H
b11100110000 m
b101000 J
b101000 g
b101000 k
b11111111111111111111001001011000 #
b11111111111111111111001001011000 F
b11111111111111111111001001011000 _
1@
b101110 B
b101110 `
b101110 l
1^
b10110100 ]
b110100101100 $
b110100101100 G
b110100101100 U
b101000000 c
b1000 C
b1000 V
b1000 b
b1110101001110000 Y
b10001000 K
b10001000 T
b10001000 W
1,
#1700000
b1111001011100000 Y
b11100 7
b11100 ?
b11100 X
08
b0 6
b0 >
b0 O
b101101000 c
b101101 (
b101101 =
b101101 a
0)
b0 P
b0 '
b0 <
b0 N
0,
#1705000
0A
b0 c
b0 C
b0 V
b0 b
0I
b0 Y
b0 K
b0 T
b0 W
b11111111111111111110010100111000 #
b11111111111111111110010100111000 F
b11111111111111111110010100111000 _
b11100 B
b11100 `
b11100 l
b10001000 ]
b11111111111111111111100010000000 "
b11111111111111111111100010000000 E
b11111111111111111111100010000000 h
b1000 i
b10011101100 m
b101101 J
b101101 g
b101101 k
b11100110000 !
b11100110000 D
b11100110000 s
1u
b101110 t
1r
b101000 q
1,
#1710000
09
b0 7
b0 ?
b0 X
0*
b0 (
b0 =
b0 a
0,
#1715000
b110000011100 !
b110000011100 D
b110000011100 s
b11100 t
b101101 q
0j
b0 i
0H
b0 J
b0 g
b0 k
0@
b0 m
b0 B
b0 `
b0 l
0^
b0 ]
1,
#1716000
b1110000 4
b1100110 3
b111101 2
b11011010 1
b10000110 0
b11100 /
b101001 .
b11111101 -
b10101 ;
#1720000
1+
0,
#1725000
b0 $
b0 G
b0 U
b0 #
b0 F
b0 _
b0 "
b0 E
b0 h
b0 !
b0 D
b0 s
0u
b0 t
0r
b0 q
1,
#1730000
18
b1110010 P
b11011010 6
b11011010 >
b11011010 O
1)
b11111101 '
b11111101 <
b11111101 N
0+
0,
#1735000
b1110010 $
b1110010 G
b1110010 U
1A
b11011010 C
b11011010 V
b11011010 b
1I
b11111101 K
b11111101 T
b11111101 W
1,
#1740000
19
b1111111101001001 Y
b111101 7
b111101 ?
b111101 X
b1100110 6
b1100110 >
b1100110 O
1*
b1111101111011000 c
b11100 (
b11100 =
b11100 a
b1000001010110 P
b101001 '
b101001 <
b101001 N
0,
#1745000
b1000011001000 $
b1000011001000 G
b1000011001000 U
b101100101000 c
b1100110 C
b1100110 V
b1100110 b
b100111000101 Y
b101001 K
b101001 T
b101001 W
b11111111111111111111111101001001 #
b11111111111111111111111101001001 F
b11111111111111111111111101001001 _
1@
b11010101100 m
b111101 B
b111101 `
b111101 l
1^
b11111101 ]
b11111111111111111111101111011000 "
b11111111111111111111101111011000 E
b11111111111111111111101111011000 h
1j
b11011010 i
1H
b11100 J
b11100 g
b11100 k
1,
#1750000
b1000111110000 Y
b1110000 7
b1110000 ?
b1110000 X
08
b0 6
b0 >
b0 O
b1100111101100100 c
b10000110 (
b10000110 =
b10000110 a
0)
b0 P
b0 '
b0 <
b0 N
0,
#1755000
b11010101100 !
b11010101100 D
b11010101100 s
1u
b111101 t
1r
b11100 q
b11111111111111111100101100111100 "
b11111111111111111100101100111100 E
b11111111111111111100101100111100 h
b1100110 i
b10000110 J
b10000110 g
b10000110 k
b1000100111001 #
b1000100111001 F
b1000100111001 _
b1100101010100000 m
b1110000 B
b1110000 `
b1110000 l
b101001 ]
0A
b0 c
b0 C
b0 V
b0 b
0I
b0 Y
b0 K
b0 T
b0 W
1,
#1760000
09
b0 7
b0 ?
b0 X
0*
b0 (
b0 =
b0 a
0,
#1765000
0@
b0 B
b0 `
b0 l
0^
b0 ]
0j
b0 i
0H
b0 m
b0 J
b0 g
b0 k
b11111111111111111101000101001100 !
b11111111111111111101000101001100 D
b11111111111111111101000101001100 s
b1110000 t
b10000110 q
1,
#1766000
b110111 4
b10111001 3
b11010 2
b11010101 1
b11111010 0
b1011110 /
b10111010 .
b1110011 -
b10110 ;
#1770000
1+
0,
#1775000
b0 !
b0 D
b0 s
0u
b0 t
0r
b0 q
b0 "
b0 E
b0 h
b0 #
b0 F
b0 _
b0 $
b0 G
b0 U
1,
#1780000
18
b1110110010101111 P
b11010101 6
b11010101 >
b11010101 O
1)
b1110011 '
b1110011 <
b1110011 N
0+
0,
#1785000
b11111111111111111110110010101111 $
b11111111111111111110110010101111 G
b11111111111111111110110010101111 U
1A
b11010101 C
b11010101 V
b11010101 b
1I
b1110011 K
b1110011 T
b1110011 W
1,
#1790000
19
b101110101110 Y
b11010 7
b11010 ?
b11010 X
b10111001 6
b10111001 >
b10111001 O
1*
b1111000000110110 c
b1011110 (
b1011110 =
b1011110 a
b1001101101010 P
b10111010 '
b10111010 <
b10111010 N
0,
#1795000
b11111111111111111111000000110110 "
b11111111111111111111000000110110 E
b11111111111111111111000000110110 h
1j
b11010101 i
1H
b100110001100 m
b1011110 J
b1011110 g
b1011110 k
b101110101110 #
b101110101110 F
b101110101110 _
1@
b11010 B
b11010 `
b11010 l
1^
b1110011 ]
b11001 $
b11001 G
b11001 U
b1110010111101110 c
b10111001 C
b10111001 V
b10111001 b
b1111100011100100 Y
b10111010 K
b10111010 T
b10111010 W
1,
#1800000
b1111000011110110 Y
b110111 7
b110111 ?
b110111 X
08
b0 6
b0 >
b0 O
b110101010 c
b11111010 (
b11111010 =
b11111010 a
0)
b0 P
b0 '
b0 <
b0 N
0,
#1805000
0A
b0 c
b0 C
b0 V
b0 b
0I
b0 Y
b0 K
b0 T
b0 W
b11111111111111111111110010100100 #
b11111111111111111111110010100100 F
b11111111111111111111110010100100 _
b110111 B
b110111 `
b110111 l
b10111010 ]
b11111111111111111111000111100000 "
b11111111111111111111000111100000 E
b11111111111111111111000111100000 h
b10111001 i
b1111111010110110 m
b11111010 J
b11111010 g
b11111010 k
b100110001100 !
b100110001100 D
b100110001100 s
1u
b11010 t
1r
b1011110 q
1,
#1810000
09
b0 7
b0 ?
b0 X
0*
b0 (
b0 =
b0 a
0,
#1815000
b100001000010 !
b100001000010 D
b100001000010 s
b110111 t
b11111010 q
0j
b0 i
0H
b0 J
b0 g
b0 k
0@
b0 m
b0 B
b0 `
b0 l
0^
b0 ]
1,
#1816000
b1111000 4
b10000110 3
b11011100 2
b1111101 1
b10110110 0
b100110 /
b11000000 .
b10010110 -
b10111 ;
#1820000
1+
0,
#1825000
b0 $
b0 G
b0 U
b0 #
b0 F
b0 _
b0 "
b0 E
b0 h
b0 !
b0 D
b0 s
0u
b0 t
0r
b0 q
1,
#1830000
18
b1100110000111110 P
b1111101 6
b1111101 >
b1111101 O
1)
b10010110 '
b10010110 <
b10010110 N
0+
0,
#1835000
b11111111111111111100110000111110 $
b11111111111111111100110000111110 G
b11111111111111111100110000111110 U
1A
b1111101 C
b1111101 V
b1111101 b
1I
b10010110 K
b10010110 T
b10010110 W
1,
#1840000
19
b111011101000 Y
b11011100 7
b11011100 ?
b11011100 X
b10000110 6
b10000110 >
b10000110 O
1*
b1001010001110 c
b100110 (
b100110 =
b100110 a
b1111010000000 P
b11000000 '
b11000000 <
b11000000 N
0,
#1845000
b11111111111111111110101010111110 $
b11111111111111111110101010111110 G
b11111111111111111110101010111110 U
b1110110111100100 c
b10000110 C
b10000110 V
b10000110 b
b100100000000 Y
b11000000 K
b11000000 T
b11000000 W
b111011101000 #
b111011101000 F
b111011101000 _
1@
b1111101010101000 m
b11011100 B
b11011100 `
b11011100 l
1^
b10010110 ]
b1001010001110 "
b1001010001110 E
b1001010001110 h
1j
b1111101 i
1H
b100110 J
b100110 g
b100110 k
1,
#1850000
b1110001000000000 Y
b1111000 7
b1111000 ?
b1111000 X
08
b0 6
b0 >
b0 O
b10001101000100 c
b10110110 (
b10110110 =
b10110110 a
0)
b0 P
b0 '
b0 <
b0 N
0,
#1855000
b11111111111111111111101010101000 !
b11111111111111111111101010101000 D
b11111111111111111111101010101000 s
1u
b11011100 t
1r
b100110 q
b11010111010010 "
b11010111010010 E
b11010111010010 h
b10000110 i
b10110110 J
b10110110 g
b10110110 k
b11111111111111111111000011101000 #
b11111111111111111111000011101000 F
b11111111111111111111000011101000 _
b1101110101010000 m
b1111000 B
b1111000 `
b1111000 l
b11000000 ]
0A
b0 c
b0 C
b0 V
b0 b
0I
b0 Y
b0 K
b0 T
b0 W
1,
#1860000
09
b0 7
b0 ?
b0 X
0*
b0 (
b0 =
b0 a
0,
#1865000
0@
b0 B
b0 `
b0 l
0^
b0 ]
0j
b0 i
0H
b0 m
b0 J
b0 g
b0 k
b11111111111111111101011111111000 !
b11111111111111111101011111111000 D
b11111111111111111101011111111000 s
b1111000 t
b10110110 q
1,
#1866000
b10100001 4
b10111 3
b1100001 2
b11111010 1
b1111001 0
b11001111 /
b11011011 .
b1111110 -
b11000 ;
#1870000
1+
0,
#1875000
b0 !
b0 D
b0 s
0u
b0 t
0r
b0 q
b0 "
b0 E
b0 h
b0 #
b0 F
b0 _
b0 $
b0 G
b0 U
1,
#1880000
18
b1111110100001100 P
b11111010 6
b11111010 >
b11111010 O
1)
b1111110 '
b1111110 <
b1111110 N
0+
0,
#1885000
b11111111111111111111110100001100 $
b11111111111111111111110100001100 G
b11111111111111111111110100001100 U
1A
b11111010 C
b11111010 V
b11111010 b
1I
b1111110 K
b1111110 T
b1111110 W
1,
#1890000
19
b10111110111110 Y
b1100001 7
b1100001 ?
b1100001 X
b10111 6
b10111 >
b10111 O
1*
b100100110 c
b11001111 (
b11001111 =
b11001111 a
b1111110010101101 P
b11011011 '
b11011011 <
b11011011 N
0,
#1895000
b100100110 "
b100100110 E
b100100110 h
1j
b11111010 i
1H
b1110110101101111 m
b11001111 J
b11001111 g
b11001111 k
b10111110111110 #
b10111110111110 F
b10111110111110 _
1@
b1100001 B
b1100001 `
b1100001 l
1^
b1111110 ]
b11111111111111111111100110111001 $
b11111111111111111111100110111001 G
b11111111111111111111100110111001 U
b1111101110011001 c
b10111 C
b10111 V
b10111 b
b1111000111111011 Y
b11011011 K
b11011011 T
b11011011 W
1,
#1900000
b110110111011 Y
b10100001 7
b10100001 ?
b10100001 X
08
b0 6
b0 >
b0 O
b101011011111 c
b1111001 (
b1111001 =
b1111001 a
0)
b0 P
b0 '
b0 <
b0 N
0,
#1905000
0A
b0 c
b0 C
b0 V
b0 b
0I
b0 Y
b0 K
b0 T
b0 W
b11110101111001 #
b11110101111001 F
b11110101111001 _
b10100001 B
b10100001 `
b10100001 l
b11011011 ]
b110000000101 "
b110000000101 E
b110000000101 h
b10111 i
b1101001100011001 m
b1111001 J
b1111001 g
b1111001 k
b11111111111111111110110101101111 !
b11111111111111111110110101101111 D
b11111111111111111110110101101111 s
1u
b1100001 t
1r
b11001111 q
1,
#1910000
09
b0 7
b0 ?
b0 X
0*
b0 (
b0 =
b0 a
0,
#1915000
b11111111111111111100000010001000 !
b11111111111111111100000010001000 D
b11111111111111111100000010001000 s
b10100001 t
b1111001 q
0j
b0 i
0H
b0 J
b0 g
b0 k
0@
b0 m
b0 B
b0 `
b0 l
0^
b0 ]
1,
#1916000
b10011000 4
b11000101 3
b11000001 2
b101001 1
b110101 0
b11110101 /
b1010000 .
b10000110 -
b11001 ;
#1920000
1+
0,
#1925000
b0 $
b0 G
b0 U
b0 #
b0 F
b0 _
b0 "
b0 E
b0 h
b0 !
b0 D
b0 s
0u
b0 t
0r
b0 q
1,
#1930000
18
b1110110001110110 P
b101001 6
b101001 >
b101001 O
1)
b10000110 '
b10000110 <
b10000110 N
0+
0,
#1935000
b11111111111111111110110001110110 $
b11111111111111111110110001110110 G
b11111111111111111110110001110110 U
1A
b101001 C
b101001 V
b101001 b
1I
b10000110 K
b10000110 T
b10000110 W
1,
#1940000
19
b1111000000110 Y
b11000001 7
b11000001 ?
b11000001 X
b11000101 6
b11000101 >
b11000101 O
1*
b1111111000111101 c
b11110101 (
b11110101 =
b11110101 a
b1110110110010000 P
b1010000 '
b1010000 <
b1010000 N
0,
#1945000
b11111111111111111101101000000110 $
b11111111111111111101101000000110 G
b11111111111111111101101000000110 U
b1010001001 c
b11000101 C
b11000101 V
b11000101 b
b1110110001010000 Y
b1010000 K
b1010000 T
b1010000 W
b1111000000110 #
b1111000000110 F
b1111000000110 _
1@
b1010110101 m
b11000001 B
b11000001 `
b11000001 l
1^
b10000110 ]
b11111111111111111111111000111101 "
b11111111111111111111111000111101 E
b11111111111111111111111000111101 h
1j
b101001 i
1H
b11110101 J
b11110101 g
b11110101 k
1,
#1950000
b1101111110000000 Y
b10011000 7
b10011000 ?
b10011000 X
08
b0 6
b0 >
b0 O
b1111001111001001 c
b110101 (
b110101 =
b110101 a
0)
b0 P
b0 '
b0 <
b0 N
0,
#1955000
b1010110101 !
b1010110101 D
b1010110101 s
1u
b11000001 t
1r
b11110101 q
b11111111111111111111001000000110 "
b11111111111111111111001000000110 E
b11111111111111111111001000000110 h
b11000101 i
b110101 J
b110101 g
b110101 k
b11111111111111111111110110000110 #
b11111111111111111111110110000110 F
b11111111111111111111110110000110 _
b1110101001111000 m
b10011000 B
b10011000 `
b10011000 l
b1010000 ]
0A
b0 c
b0 C
b0 V
b0 b
0I
b0 Y
b0 K
b0 T
b0 W
1,
#1960000
09
b0 7
b0 ?
b0 X
0*
b0 (
b0 =
b0 a
0,
#1965000
0@
b0 B
b0 `
b0 l
0^
b0 ]
0j
b0 i
0H
b0 m
b0 J
b0 g
b0 k
b11111111111111111110110100101101 !
b11111111111111111110110100101101 D
b11111111111111111110110100101101 s
b10011000 t
b110101 q
1,
#1966000
b10100001 4
b10101001 3
b10101000 2
b1001110 1
b10001010 0
b11101100 /
b1110011 .
b1001011 -
b11010 ;
#1970000
1+
0,
#1975000
b0 !
b0 D
b0 s
0u
b0 t
0r
b0 q
b0 "
b0 E
b0 h
b0 #
b0 F
b0 _
b0 $
b0 G
b0 U
1,
#1980000
18
b1011011011010 P
b1001110 6
b1001110 >
b1001110 O
1)
b1001011 '
b1001011 <
b1001011 N
0+
0,
#1985000
b1011011011010 $
b1011011011010 G
b1011011011010 U
1A
b1001110 C
b1001110 V
b1001110 b
1I
b1001011 K
b1001011 T
b1001011 W
1,
#1990000
19
b1110011000111000 Y
b10101000 7
b10101000 ?
b10101000 X
b10101001 6
b10101001 >
b10101001 O
1*
b1111100111101000 c
b11101100 (
b11101100 =
b11101100 a
b1101100011101011 P
b1110011 '
b1110011 <
b1110011 N
0,
#1995000
b11111111111111111111100111101000 "
b11111111111111111111100111101000 E
b11111111111111111111100111101000 h
1j
b1001110 i
1H
b11011100000 m
b11101100 J
b11101100 g
b11101100 k
b11111111111111111110011000111000 #
b11111111111111111110011000111000 F
b11111111111111111110011000111000 _
1@
b10101000 B
b10101000 `
b10101000 l
1^
b1001011 ]
b11111111111111111110111111000101 $
b11111111111111111110111111000101 G
b11111111111111111110111111000101 U
b11011001100 c
b10101001 C
b10101001 V
b10101001 b
b1101100001111000 Y
b1110011 K
b1110011 T
b1110011 W
1,
#2000000
b1101010101010011 Y
b10100001 7
b10100001 ?
b10100001 X
08
b0 6
b0 >
b0 O
b10100000011010 c
b10001010 (
b10001010 =
b10001010 a
0)
b0 P
b0 '
b0 <
b0 N
0,
#2005000
0A
b0 c
b0 C
b0 V
b0 b
0I
b0 Y
b0 K
b0 T
b0 W
b11111111111111111011101110001011 #
b11111111111111111011101110001011 F
b11111111111111111011101110001011 _
b10100001 B
b10100001 `
b10100001 l
b1110011 ]
b10001000000010 "
b10001000000010 E
b10001000000010 h
b10101001 i
b10101111001010 m
b10001010 J
b10001010 g
b10001010 k
b11011100000 !
b11011100000 D
b11011100000 s
1u
b10101000 t
1r
b11101100 q
1,
#2010000
09
b0 7
b0 ?
b0 X
0*
b0 (
b0 =
b0 a
0,
#2015000
b11001010101010 !
b11001010101010 D
b11001010101010 s
b10100001 t
b10001010 q
0j
b0 i
0H
b0 J
b0 g
b0 k
0@
b0 m
b0 B
b0 `
b0 l
0^
b0 ]
1,
#2016000
b111000 4
b10011110 3
b10001101 2
b101010 1
b101010 0
b10011111 /
b11100110 .
b1110 -
b11011 ;
#2020000
1+
0,
#2025000
b0 $
b0 G
b0 U
b0 #
b0 F
b0 _
b0 "
b0 E
b0 h
b0 !
b0 D
b0 s
0u
b0 t
0r
b0 q
1,
#2030000
18
b1001001100 P
b101010 6
b101010 >
b101010 O
1)
b1110 '
b1110 <
b1110 N
0+
0,
#2035000
b1001001100 $
b1001001100 G
b1001001100 U
1A
b101010 C
b101010 V
b101010 b
1I
b1110 K
b1110 T
b1110 W
1,
#2040000
19
b1111100110110110 Y
b10001101 7
b10001101 ?
b10001101 X
b10011110 6
b10011110 >
b10011110 O
1*
b1111000000010110 c
b10011111 (
b10011111 =
b10011111 a
b100111110100 P
b11100110 '
b11100110 <
b11100110 N
0,
#2045000
b110001000000 $
b110001000000 G
b110001000000 U
b10010100100010 c
b10011110 C
b10011110 V
b10011110 b
b101110101110 Y
b11100110 K
b11100110 T
b11100110 W
b11111111111111111111100110110110 #
b11111111111111111111100110110110 F
b11111111111111111111100110110110 _
1@
b10101110010011 m
b10001101 B
b10001101 `
b10001101 l
1^
b1110 ]
b11111111111111111111000000010110 "
b11111111111111111111000000010110 E
b11111111111111111111000000010110 h
1j
b101010 i
1H
b10011111 J
b10011111 g
b10011111 k
1,
#2050000
b1111101001010000 Y
b111000 7
b111000 ?
b111000 X
08
b0 6
b0 >
b0 O
b1110111111101100 c
b101010 (
b101010 =
b101010 a
0)
b0 P
b0 '
b0 <
b0 N
0,
#2055000
b10101110010011 !
b10101110010011 D
b10101110010011 s
1u
b10001101 t
1r
b10011111 q
b11111111111111111110000000000010 "
b11111111111111111110000000000010 E
b11111111111111111110000000000010 h
b10011110 i
b101010 J
b101010 g
b101010 k
b11111111111111111111010000000110 #
b11111111111111111111010000000110 F
b11111111111111111111010000000110 _
b100100110000 m
b111000 B
b111000 `
b111000 l
b11100110 ]
0A
b0 c
b0 C
b0 V
b0 b
0I
b0 Y
b0 K
b0 T
b0 W
1,
#2060000
09
b0 7
b0 ?
b0 X
0*
b0 (
b0 =
b0 a
0,
#2065000
0@
b0 B
b0 `
b0 l
0^
b0 ]
0j
b0 i
0H
b0 m
b0 J
b0 g
b0 k
b11010011000011 !
b11010011000011 D
b11010011000011 s
b111000 t
b101010 q
1,
#2066000
b10111010 4
b10110110 3
b11000111 2
b1101011 1
b10011 0
b11001010 /
b11001000 .
b1111001 -
b11100 ;
#2070000
1+
0,
#2075000
b0 !
b0 D
b0 s
0u
b0 t
0r
b0 q
b0 "
b0 E
b0 h
b0 #
b0 F
b0 _
b0 $
b0 G
b0 U
1,
#2080000
18
b11001010010011 P
b1101011 6
b1101011 >
b1101011 O
1)
b1111001 '
b1111001 <
b1111001 N
0+
0,
#2085000
b11001010010011 $
b11001010010011 G
b11001010010011 U
1A
b1101011 C
b1101011 V
b1101011 b
1I
b1111001 K
b1111001 T
b1111001 W
1,
#2090000
19
b1110010100001111 Y
b11000111 7
b11000111 ?
b11000111 X
b10110110 6
b10110110 >
b10110110 O
1*
b1110100101101110 c
b11001010 (
b11001010 =
b11001010 a
b1000000110000 P
b11001000 '
b11001000 <
b11001000 N
0,
#2095000
b11111111111111111110100101101110 "
b11111111111111111110100101101110 E
b11111111111111111110100101101110 h
1j
b1101011 i
1H
b110000000110 m
b11001010 J
b11001010 g
b11001010 k
b11111111111111111110010100001111 #
b11111111111111111110010100001111 F
b11111111111111111110010100001111 _
1@
b11000111 B
b11000111 `
b11000111 l
1^
b1111001 ]
b100001011000011 $
b100001011000011 G
b100001011000011 U
b111110011100 c
b10110110 C
b10110110 V
b10110110 b
b110001111000 Y
b11001000 K
b11001000 T
b11001000 W
1,
#2100000
b111101010000 Y
b10111010 7
b10111010 ?
b10111010 X
08
b0 6
b0 >
b0 O
b1111101010000010 c
b10011 (
b10011 =
b10011 a
0)
b0 P
b0 '
b0 <
b0 N
0,
#2105000
0A
b0 c
b0 C
b0 V
b0 b
0I
b0 Y
b0 K
b0 T
b0 W
b11111111111111111111010001011111 #
b11111111111111111111010001011111 F
b11111111111111111111010001011111 _
b10111010 B
b10111010 `
b10111010 l
b11001000 ]
b11111111111111111110001111110000 "
b11111111111111111110001111110000 E
b11111111111111111110001111110000 h
b10110110 i
b1111101011001110 m
b10011 J
b10011 g
b10011 k
b110000000110 !
b110000000110 D
b110000000110 s
1u
b11000111 t
1r
b11001010 q
1,
#2110000
09
b0 7
b0 ?
b0 X
0*
b0 (
b0 =
b0 a
0,
#2115000
b11011010100 !
b11011010100 D
b11011010100 s
b10111010 t
b10011 q
0j
b0 i
0H
b0 J
b0 g
b0 k
0@
b0 m
b0 B
b0 `
b0 l
0^
b0 ]
1,
#2116000
b11110010 4
b11111010 3
b10000110 2
b1111111 1
b10110100 0
b10010010 /
b10111001 .
b11000100 -
b11101 ;
#2120000
1+
0,
#2125000
b0 $
b0 G
b0 U
b0 #
b0 F
b0 _
b0 "
b0 E
b0 h
b0 !
b0 D
b0 s
0u
b0 t
0r
b0 q
1,
#2130000
18
b1110001000111100 P
b1111111 6
b1111111 >
b1111111 O
1)
b11000100 '
b11000100 <
b11000100 N
0+
0,
#2135000
b11111111111111111110001000111100 $
b11111111111111111110001000111100 G
b11111111111111111110001000111100 U
1A
b1111111 C
b1111111 V
b1111111 b
1I
b11000100 K
b11000100 T
b11000100 W
1,
#2140000
19
b1110010011000 Y
b10000110 7
b10000110 ?
b10000110 X
b11111010 6
b11111010 >
b11111010 O
1*
b1100100101101110 c
b10010010 (
b10010010 =
b10010010 a
b110101010 P
b10111001 '
b10111001 <
b10111001 N
0,
#2145000
b11111111111111111110001111100110 $
b11111111111111111110001111100110 G
b11111111111111111110001111100110 U
b1010010100 c
b11111010 C
b11111010 V
b11111010 b
b10000111010110 Y
b10111001 K
b10111001 T
b10111001 W
b1110010011000 #
b1110010011000 F
b1110010011000 _
1@
b11010001101100 m
b10000110 B
b10000110 `
b10000110 l
1^
b11000100 ]
b11111111111111111100100101101110 "
b11111111111111111100100101101110 E
b11111111111111111100100101101110 h
1j
b1111111 i
1H
b10010010 J
b10010010 g
b10010010 k
1,
#2150000
b1111100010 Y
b11110010 7
b11110010 ?
b11110010 X
08
b0 6
b0 >
b0 O
b111001000 c
b10110100 (
b10110100 =
b10110100 a
0)
b0 P
b0 '
b0 <
b0 N
0,
#2155000
b11010001101100 !
b11010001101100 D
b11010001101100 s
1u
b10000110 t
1r
b10010010 q
b11111111111111111100101100110110 "
b11111111111111111100101100110110 E
b11111111111111111100101100110110 h
b11111010 i
b10110100 J
b10110100 g
b10110100 k
b10000001111010 #
b10000001111010 F
b10000001111010 _
b10000101000 m
b11110010 B
b11110010 `
b11110010 l
b10111001 ]
0A
b0 c
b0 C
b0 V
b0 b
0I
b0 Y
b0 K
b0 T
b0 W
1,
#2160000
09
b0 7
b0 ?
b0 X
0*
b0 (
b0 =
b0 a
0,
#2165000
0@
b0 B
b0 `
b0 l
0^
b0 ]
0j
b0 i
0H
b0 m
b0 J
b0 g
b0 k
b11100010010100 !
b11100010010100 D
b11100010010100 s
b11110010 t
b10110100 q
1,
#2166000
b10001110 4
b10100001 3
b10101001 2
b11001010 1
b11100100 0
b10000100 /
b10111101 .
b110010 -
b11110 ;
#2170000
1+
0,
#2175000
b0 !
b0 D
b0 s
0u
b0 t
0r
b0 q
b0 "
b0 E
b0 h
b0 #
b0 F
b0 _
b0 $
b0 G
b0 U
1,
#2180000
18
b1111010101110100 P
b11001010 6
b11001010 >
b11001010 O
1)
b110010 '
b110010 <
b110010 N
0+
0,
#2185000
b11111111111111111111010101110100 $
b11111111111111111111010101110100 G
b11111111111111111111010101110100 U
1A
b11001010 C
b11001010 V
b11001010 b
1I
b110010 K
b110010 T
b110010 W
1,
#2190000
19
b1110111100000010 Y
b10101001 7
b10101001 ?
b10101001 X
b10100001 6
b10100001 >
b10100001 O
1*
b1101000101000 c
b10000100 (
b10000100 =
b10000100 a
b1100011011101 P
b10111101 '
b10111101 <
b10111101 N
0,
#2195000
b1101000101000 "
b1101000101000 E
b1101000101000 h
1j
b11001010 i
1H
b10101000100100 m
b10000100 J
b10000100 g
b10000100 k
b11111111111111111110111100000010 #
b11111111111111111110111100000010 F
b11111111111111111110111100000010 _
1@
b10101001 B
b10101001 `
b10101001 l
1^
b110010 ]
b111001010001 $
b111001010001 G
b111001010001 U
b10111000000100 c
b10100001 C
b10100001 V
b10100001 b
b1011011000101 Y
b10111101 K
b10111101 T
b10111101 W
1,
#2200000
b1110111010110 Y
b10001110 7
b10001110 ?
b10001110 X
08
b0 6
b0 >
b0 O
b101001100100 c
b11100100 (
b11100100 =
b11100100 a
0)
b0 P
b0 '
b0 <
b0 N
0,
#2205000
0A
b0 c
b0 C
b0 V
b0 b
0I
b0 Y
b0 K
b0 T
b0 W
b110011011000 #
b110011011000 F
b110011011000 _
b10001110 B
b10001110 `
b10001110 l
b10111101 ]
b10010010001100 "
b10010010001100 E
b10010010001100 h
b10100001 i
b110001111000 m
b11100100 J
b11100100 g
b11100100 k
b10101000100100 !
b10101000100100 D
b10101000100100 s
1u
b10101001 t
1r
b10000100 q
1,
#2210000
09
b0 7
b0 ?
b0 X
0*
b0 (
b0 =
b0 a
0,
#2215000
b11011010011100 !
b11011010011100 D
b11011010011100 s
b10001110 t
b11100100 q
0j
b0 i
0H
b0 J
b0 g
b0 k
0@
b0 m
b0 B
b0 `
b0 l
0^
b0 ]
1,
#2216000
b1101011 4
b10001111 3
b1110101 2
b110110 1
b11001001 0
b11101111 /
b1011 .
b11111011 -
b11111 ;
#2220000
1+
0,
#2225000
b0 $
b0 G
b0 U
b0 #
b0 F
b0 _
b0 "
b0 E
b0 h
b0 !
b0 D
b0 s
0u
b0 t
0r
b0 q
1,
#2230000
18
b1111111011110010 P
b110110 6
b110110 >
b110110 O
1)
b11111011 '
b11111011 <
b11111011 N
0+
0,
#2235000
b11111111111111111111111011110010 $
b11111111111111111111111011110010 G
b11111111111111111111111011110010 U
1A
b110110 C
b110110 V
b110110 b
1I
b11111011 K
b11111011 T
b11111011 W
1,
#2240000
19
b1111110110110111 Y
b1110101 7
b1110101 ?
b1110101 X
b10001111 6
b10001111 >
b10001111 O
1*
b1111110001101010 c
b11101111 (
b11101111 =
b11101111 a
b1111101100100101 P
b1011 '
b1011 <
b1011 N
0,
#2245000
b11111111111111111111101000010111 $
b11111111111111111111101000010111 G
b11111111111111111111101000010111 U
b11110000001 c
b10001111 C
b10001111 V
b10001111 b
b10100000111 Y
b1011 K
b1011 T
b1011 W
b11111111111111111111110110110111 #
b11111111111111111111110110110111 F
b11111111111111111111110110110111 _
1@
b1111100000111011 m
b1110101 B
b1110101 `
b1110101 l
1^
b11111011 ]
b11111111111111111111110001101010 "
b11111111111111111111110001101010 E
b11111111111111111111110001101010 h
1j
b110110 i
1H
b11101111 J
b11101111 g
b11101111 k
1,
#2250000
b10010011001 Y
b1101011 7
b1101011 ?
b1101011 X
08
b0 6
b0 >
b0 O
b1100001000111 c
b11001001 (
b11001001 =
b11001001 a
0)
b0 P
b0 '
b0 <
b0 N
0,
#2255000
b11111111111111111111100000111011 !
b11111111111111111111100000111011 D
b11111111111111111111100000111011 s
1u
b1110101 t
1r
b11101111 q
b1010010110001 "
b1010010110001 E
b1010010110001 h
b10001111 i
b11001001 J
b11001001 g
b11001001 k
b1001010000 #
b1001010000 F
b1001010000 _
b1110100100000011 m
b1101011 B
b1101011 `
b1101011 l
b1011 ]
0A
b0 c
b0 C
b0 V
b0 b
0I
b0 Y
b0 K
b0 T
b0 W
1,
#2260000
09
b0 7
b0 ?
b0 X
0*
b0 (
b0 =
b0 a
0,
#2265000
0@
b0 B
b0 `
b0 l
0^
b0 ]
0j
b0 i
0H
b0 m
b0 J
b0 g
b0 k
b11111111111111111110000100111110 !
b11111111111111111110000100111110 D
b11111111111111111110000100111110 s
b1101011 t
b11001001 q
1,
#2266000
b11000010 4
b1001011 3
b101101 2
b101000 1
b10010010 0
b10011011 /
b10101110 .
b10001000 -
b100000 ;
#2270000
1+
0,
#2275000
b0 !
b0 D
b0 s
0u
b0 t
0r
b0 q
b0 "
b0 E
b0 h
b0 #
b0 F
b0 _
b0 $
b0 G
b0 U
1,
#2280000
18
b1110110101000000 P
b101000 6
b101000 >
b101000 O
1)
b10001000 '
b10001000 <
b10001000 N
0+
0,
#2285000
b11111111111111111110110101000000 $
b11111111111111111110110101000000 G
b11111111111111111110110101000000 U
1A
b101000 C
b101000 V
b101000 b
1I
b10001000 K
b10001000 T
b10001000 W
1,
#2290000
19
b1110101011101000 Y
b101101 7
b101101 ?
b101101 X
b1001011 6
b1001011 >
b1001011 O
1*
b1111000000111000 c
b10011011 (
b10011011 =
b10011011 a
b1110011111111010 P
b10101110 '
b10101110 <
b10101110 N
0,
#2295000
b11111111111111111111000000111000 "
b11111111111111111111000000111000 E
b11111111111111111111000000111000 h
1j
b101000 i
1H
b1110111000111111 m
b10011011 J
b10011011 g
b10011011 k
b11111111111111111110101011101000 #
b11111111111111111110101011101000 F
b11111111111111111110101011101000 _
1@
b101101 B
b101101 `
b101101 l
1^
b10001000 ]
b11111111111111111101010100111010 $
b11111111111111111101010100111010 G
b11111111111111111101010100111010 U
b1110001001101001 c
b1001011 C
b1001011 V
b1001011 b
b1111000110010110 Y
b10101110 K
b10101110 T
b10101110 W
1,
#2300000
b1001111011100 Y
b11000010 7
b11000010 ?
b11000010 X
08
b0 6
b0 >
b0 O
b1101111111000110 c
b10010010 (
b10010010 =
b10010010 a
0)
b0 P
b0 '
b0 <
b0 N
0,
#2305000
0A
b0 c
b0 C
b0 V
b0 b
0I
b0 Y
b0 K
b0 T
b0 W
b11111111111111111111111011000100 #
b11111111111111111111111011000100 F
b11111111111111111111111011000100 _
b11000010 B
b11000010 `
b11000010 l
b10101110 ]
b11111111111111111100111111111110 "
b11111111111111111100111111111110 E
b11111111111111111100111111111110 h
b1001011 i
b1101010100100 m
b10010010 J
b10010010 g
b10010010 k
b11111111111111111110111000111111 !
b11111111111111111110111000111111 D
b11111111111111111110111000111111 s
1u
b101101 t
1r
b10011011 q
1,
#2310000
09
b0 7
b0 ?
b0 X
0*
b0 (
b0 =
b0 a
0,
#2315000
b100011100011 !
b100011100011 D
b100011100011 s
b11000010 t
b10010010 q
0j
b0 i
0H
b0 J
b0 g
b0 k
0@
b0 m
b0 B
b0 `
b0 l
0^
b0 ]
1,
#2316000
b111011 4
b1000001 3
b10000110 2
b11010001 1
b11000 0
b11101100 /
b1101 .
b11110 -
b100001 ;
#2320000
1+
0,
#2325000
b0 $
b0 G
b0 U
b0 #
b0 F
b0 _
b0 "
b0 E
b0 h
b0 !
b0 D
b0 s
0u
b0 t
0r
b0 q
1,
#2330000
18
b1111101001111110 P
b11010001 6
b11010001 >
b11010001 O
1)
b11110 '
b11110 <
b11110 N
0+
0,
#2335000
b11111111111111111111101001111110 $
b11111111111111111111101001111110 G
b11111111111111111111101001111110 U
1A
b11010001 C
b11010001 V
b11010001 b
1I
b11110 K
b11110 T
b11110 W
1,
#2340000
19
b1111000110110100 Y
b10000110 7
b10000110 ?
b10000110 X
b1000001 6
b1000001 >
b1000001 O
1*
b1110101100 c
b11101100 (
b11101100 =
b11101100 a
b1101001101 P
b1101 '
b1101 <
b1101 N
0,
#2345000
b11111111111111111111110111001011 $
b11111111111111111111110111001011 G
b11111111111111111111110111001011 U
b1111101011101100 c
b1000001 C
b1000001 V
b1000001 b
b1111100111001110 Y
b1101 K
b1101 T
b1101 W
b11111111111111111111000110110100 #
b11111111111111111111000110110100 F
b11111111111111111111000110110100 _
1@
b100110001000 m
b10000110 B
b10000110 `
b10000110 l
1^
b11110 ]
b1110101100 "
b1110101100 E
b1110101100 h
1j
b11010001 i
1H
b11101100 J
b11101100 g
b11101100 k
1,
#2350000
b1011111111 Y
b111011 7
b111011 ?
b111011 X
08
b0 6
b0 >
b0 O
b11000011000 c
b11000 (
b11000 =
b11000 a
0)
b0 P
b0 '
b0 <
b0 N
0,
#2355000
b100110001000 !
b100110001000 D
b100110001000 s
1u
b10000110 t
1r
b11101100 q
b100111000100 "
b100111000100 E
b100111000100 h
b1000001 i
b11000 J
b11000 g
b11000 k
b11111111111111111111010010110011 #
b11111111111111111111010010110011 F
b11111111111111111111010010110011 _
b10110001000 m
b111011 B
b111011 `
b111011 l
b1101 ]
0A
b0 c
b0 C
b0 V
b0 b
0I
b0 Y
b0 K
b0 T
b0 W
1,
#2360000
09
b0 7
b0 ?
b0 X
0*
b0 (
b0 =
b0 a
0,
#2365000
0@
b0 B
b0 `
b0 l
0^
b0 ]
0j
b0 i
0H
b0 m
b0 J
b0 g
b0 k
b111100010000 !
b111100010000 D
b111100010000 s
b111011 t
b11000 q
1,
#2366000
b11011000 4
b1110011 3
b100 2
b11100010 1
b1011011 0
b1010110 /
b1010011 .
b11011000 -
b100010 ;
#2370000
1+
0,
#2375000
b0 !
b0 D
b0 s
0u
b0 t
0r
b0 q
b0 "
b0 E
b0 h
b0 #
b0 F
b0 _
b0 $
b0 G
b0 U
1,
#2380000
18
b10010110000 P
b11100010 6
b11100010 >
b11100010 O
1)
b11011000 '
b11011000 <
b11011000 N
0+
0,
#2385000
b10010110000 $
b10010110000 G
b10010110000 U
1A
b11100010 C
b11100010 V
b11100010 b
1I
b11011000 K
b11011000 T
b11011000 W
1,
#2390000
19
b1111111101100000 Y
b100 7
b100 ?
b100 X
b1110011 6
b1110011 >
b1110011 O
1*
b1111010111101100 c
b1010110 (
b1010110 =
b1010110 a
b10010101001001 P
b1010011 '
b1010011 <
b1010011 N
0,
#2395000
b11111111111111111111010111101100 "
b11111111111111111111010111101100 E
b11111111111111111111010111101100 h
1j
b11100010 i
1H
b101011000 m
b1010110 J
b1010110 g
b1010110 k
b11111111111111111111111101100000 #
b11111111111111111111111101100000 F
b11111111111111111111111101100000 _
1@
b100 B
b100 `
b100 l
1^
b11011000 ]
b10100111111001 $
b10100111111001 G
b10100111111001 U
b10011010100010 c
b1110011 C
b1110011 V
b1110011 b
b101001100 Y
b1010011 K
b1010011 T
b1010011 W
1,
#2400000
b1111001100001000 Y
b11011000 7
b11011000 ?
b11011000 X
08
b0 6
b0 >
b0 O
b10100011100001 c
b1011011 (
b1011011 =
b1011011 a
0)
b0 P
b0 '
b0 <
b0 N
0,
#2405000
0A
b0 c
b0 C
b0 V
b0 b
0I
b0 Y
b0 K
b0 T
b0 W
b11111111111111111111001001101000 #
b11111111111111111111001001101000 F
b11111111111111111111001001101000 _
b11011000 B
b11011000 `
b11011000 l
b1010011 ]
b1111011001101 "
b1111011001101 E
b1111011001101 h
b1110011 i
b1111000111001000 m
b1011011 J
b1011011 g
b1011011 k
b101011000 !
b101011000 D
b101011000 s
1u
b100 t
1r
b1010110 q
1,
#2410000
09
b0 7
b0 ?
b0 X
0*
b0 (
b0 =
b0 a
0,
#2415000
b11111111111111111111001100100000 !
b11111111111111111111001100100000 D
b11111111111111111111001100100000 s
b11011000 t
b1011011 q
0j
b0 i
0H
b0 J
b0 g
b0 k
0@
b0 m
b0 B
b0 `
b0 l
0^
b0 ]
1,
#2416000
b11001000 4
b10000001 3
b101011 2
b10100001 1
b11100101 0
b111001 /
b10111000 .
b10010 -
b100011 ;
#2420000
1+
0,
#2425000
b0 $
b0 G
b0 U
b0 #
b0 F
b0 _
b0 "
b0 E
b0 h
b0 !
b0 D
b0 s
0u
b0 t
0r
b0 q
1,
#2430000
18
b1111100101010010 P
b10100001 6
b10100001 >
b10100001 O
1)
b10010 '
b10010 <
b10010 N
0+
0,
#2435000
b11111111111111111111100101010010 $
b11111111111111111111100101010010 G
b11111111111111111111100101010010 U
1A
b10100001 C
b10100001 V
b10100001 b
1I
b10010 K
b10010 T
b10010 W
1,
#2440000
19
b1100000110 Y
b101011 7
b101011 ?
b101011 X
b10000001 6
b10000001 >
b10000001 O
1*
b1110101011011001 c
b111001 (
b111001 =
b111001 a
b10001110111000 P
b10111000 '
b10111000 <
b10111000 N
0,
#2445000
b1110100001010 $
b1110100001010 G
b1110100001010 U
b1110001110111001 c
b10000001 C
b10000001 V
b10000001 b
b1111001111101000 Y
b10111000 K
b10111000 T
b10111000 W
b1100000110 #
b1100000110 F
b1100000110 _
1@
b100110010011 m
b101011 B
b101011 `
b101011 l
1^
b10010 ]
b11111111111111111110101011011001 "
b11111111111111111110101011011001 E
b11111111111111111110101011011001 h
1j
b10100001 i
1H
b111001 J
b111001 g
b111001 k
1,
#2450000
b111111000000 Y
b11001000 7
b11001000 ?
b11001000 X
08
b0 6
b0 >
b0 O
b110101100101 c
b11100101 (
b11100101 =
b11100101 a
0)
b0 P
b0 '
b0 <
b0 N
0,
#2455000
b100110010011 !
b100110010011 D
b100110010011 s
1u
b101011 t
1r
b111001 q
b11111111111111111111100000111110 "
b11111111111111111111100000111110 E
b11111111111111111111100000111110 h
b10000001 i
b11100101 J
b11100101 g
b11100101 k
b1001011000110 #
b1001011000110 F
b1001011000110 _
b10111101000 m
b11001000 B
b11001000 `
b11001000 l
b10111000 ]
0A
b0 c
b0 C
b0 V
b0 b
0I
b0 Y
b0 K
b0 T
b0 W
1,
#2460000
09
b0 7
b0 ?
b0 X
0*
b0 (
b0 =
b0 a
0,
#2465000
0@
b0 B
b0 `
b0 l
0^
b0 ]
0j
b0 i
0H
b0 m
b0 J
b0 g
b0 k
b111101111011 !
b111101111011 D
b111101111011 s
b11001000 t
b11100101 q
1,
#2466000
b10010 4
b10100 3
b10010110 2
b1011000 1
b100 0
b11111 /
b10100001 .
b100111 -
b100100 ;
#2470000
1+
0,
#2475000
b0 !
b0 D
b0 s
0u
b0 t
0r
b0 q
b0 "
b0 E
b0 h
b0 #
b0 F
b0 _
b0 $
b0 G
b0 U
1,
#2480000
18
b110101101000 P
b1011000 6
b1011000 >
b1011000 O
1)
b100111 '
b100111 <
b100111 N
0+
0,
#2485000
b110101101000 $
b110101101000 G
b110101101000 U
1A
b1011000 C
b1011000 V
b1011000 b
1I
b100111 K
b100111 T
b100111 W
1,
#2490000
19
b1110111111011010 Y
b10010110 7
b10010110 ?
b10010110 X
b10100 6
b10100 >
b10100 O
1*
b101010101000 c
b11111 (
b11111 =
b11111 a
b1111100010010100 P
b10100001 '
b10100001 <
b10100001 N
0,
#2495000
b101010101000 "
b101010101000 E
b101010101000 h
1j
b1011000 i
1H
b1111001100101010 m
b11111 J
b11111 g
b11111 k
b11111111111111111110111111011010 #
b11111111111111111110111111011010 F
b11111111111111111110111111011010 _
1@
b10010110 B
b10010110 `
b10010110 l
1^
b100111 ]
b10111111100 $
b10111111100 G
b10111111100 U
b1001101100 c
b10100 C
b10100 V
b10100 b
b10011101010110 Y
b10100001 K
b10100001 T
b10100001 W
1,
#2500000
b1111100101010010 Y
b10010 7
b10010 ?
b10010 X
08
b0 6
b0 >
b0 O
b1010000 c
b100 (
b100 =
b100 a
0)
b0 P
b0 '
b0 <
b0 N
0,
#2505000
0A
b0 c
b0 C
b0 V
b0 b
0I
b0 Y
b0 K
b0 T
b0 W
b11111111111111111110100100101100 #
b11111111111111111110100100101100 F
b11111111111111111110100100101100 _
b10010 B
b10010 `
b10010 l
b10100001 ]
b101011111000 "
b101011111000 E
b101011111000 h
b10100 i
b1001000 m
b100 J
b100 g
b100 k
b11111111111111111111001100101010 !
b11111111111111111111001100101010 D
b11111111111111111111001100101010 s
1u
b10010110 t
1r
b11111 q
1,
#2510000
09
b0 7
b0 ?
b0 X
0*
b0 (
b0 =
b0 a
0,
#2515000
b11111111111111111111001101110010 !
b11111111111111111111001101110010 D
b11111111111111111111001101110010 s
b10010 t
b100 q
0j
b0 i
0H
b0 J
b0 g
b0 k
0@
b0 m
b0 B
b0 `
b0 l
0^
b0 ]
1,
#2516000
b100111 4
b10101101 3
b11110101 2
b101011 1
b11101101 0
b1010101 /
b10110001 .
b10010110 -
b100101 ;
#2520000
1+
0,
#2525000
b0 $
b0 G
b0 U
b0 #
b0 F
b0 _
b0 "
b0 E
b0 h
b0 !
b0 D
b0 s
0u
b0 t
0r
b0 q
1,
#2530000
18
b1110111000110010 P
b101011 6
b101011 >
b101011 O
1)
b10010110 '
b10010110 <
b10010110 N
0+
0,
#2535000
b11111111111111111110111000110010 $
b11111111111111111110111000110010 G
b11111111111111111110111000110010 U
1A
b101011 C
b101011 V
b101011 b
1I
b10010110 K
b10010110 T
b10010110 W
1,
#2540000
19
b10010001110 Y
b11110101 7
b11110101 ?
b11110101 X
b10101101 6
b10101101 >
b10101101 O
1*
b111001000111 c
b1010101 (
b1010101 =
b1010101 a
b1100110011101 P
b10110001 '
b10110001 <
b10110001 N
0,
#2545000
b11111001111 $
b11111001111 G
b11111001111 U
b1110010001110001 c
b10101101 C
b10101101 V
b10101101 b
b1101100101 Y
b10110001 K
b10110001 T
b10110001 W
b10010001110 #
b10010001110 F
b10010001110 _
1@
b1111110001011001 m
b11110101 B
b11110101 `
b11110101 l
1^
b10010110 ]
b111001000111 "
b111001000111 E
b111001000111 h
1j
b101011 i
1H
b1010101 J
b1010101 g
b1010101 k
1,
#2550000
b1111001111110111 Y
b100111 7
b100111 ?
b100111 X
08
b0 6
b0 >
b0 O
b11000101001 c
b11101101 (
b11101101 =
b11101101 a
0)
b0 P
b0 '
b0 <
b0 N
0,
#2555000
b11111111111111111111110001011001 !
b11111111111111111111110001011001 D
b11111111111111111111110001011001 s
1u
b11110101 t
1r
b1010101 q
b1010001110000 "
b1010001110000 E
b1010001110000 h
b10101101 i
b11101101 J
b11101101 g
b11101101 k
b11111111111111111111100010000101 #
b11111111111111111111100010000101 F
b11111111111111111111100010000101 _
b1111110100011011 m
b100111 B
b100111 `
b100111 l
b10110001 ]
0A
b0 c
b0 C
b0 V
b0 b
0I
b0 Y
b0 K
b0 T
b0 W
1,
#2560000
09
b0 7
b0 ?
b0 X
0*
b0 (
b0 =
b0 a
0,
#2565000
0@
b0 B
b0 `
b0 l
0^
b0 ]
0j
b0 i
0H
b0 m
b0 J
b0 g
b0 k
b11111111111111111111100101110100 !
b11111111111111111111100101110100 D
b11111111111111111111100101110100 s
b100111 t
b11101101 q
1,
#2566000
b1010001 4
b11001001 3
b11011011 2
b1001001 1
b10111001 0
b11100111 /
b10100111 .
b10000100 -
b100110 ;
#2570000
1+
0,
#2575000
b0 !
b0 D
b0 s
0u
b0 t
0r
b0 q
b0 "
b0 E
b0 h
b0 #
b0 F
b0 _
b0 $
b0 G
b0 U
1,
#2580000
18
b1101110010100100 P
b1001001 6
b1001001 >
b1001001 O
1)
b10000100 '
b10000100 <
b10000100 N
0+
0,
#2585000
b11111111111111111101110010100100 $
b11111111111111111101110010100100 G
b11111111111111111101110010100100 U
1A
b1001001 C
b1001001 V
b1001001 b
1I
b10000100 K
b10000100 T
b10000100 W
1,
#2590000
19
b1000111101100 Y
b11011011 7
b11011011 ?
b11011011 X
b11001001 6
b11001001 >
b11001001 O
1*
b1111100011011111 c
b11100111 (
b11100111 =
b11100111 a
b1001100011111 P
b10100111 '
b10100111 <
b10100111 N
0,
#2595000
b11111111111111111111100011011111 "
b11111111111111111111100011011111 E
b11111111111111111111100011011111 h
1j
b1001001 i
1H
b1110011101 m
b11100111 J
b11100111 g
b11100111 k
b1000111101100 #
b1000111101100 F
b1000111101100 _
1@
b11011011 B
b11011011 `
b11011011 l
1^
b10000100 ]
b11111111111111111110111111000011 $
b11111111111111111110111111000011 G
b11111111111111111110111111000011 U
b10101011111 c
b11001001 C
b11001001 V
b11001001 b
b110011011101 Y
b10100111 K
b10100111 T
b10100111 W
1,
#2600000
b1110001111010111 Y
b1010001 7
b1010001 ?
b1010001 X
08
b0 6
b0 >
b0 O
b111101000001 c
b10111001 (
b10111001 =
b10111001 a
0)
b0 P
b0 '
b0 <
b0 N
0,
#2605000
0A
b0 c
b0 C
b0 V
b0 b
0I
b0 Y
b0 K
b0 T
b0 W
b11111111111111111111010111000011 #
b11111111111111111111010111000011 F
b11111111111111111111010111000011 _
b1010001 B
b1010001 `
b1010001 l
b10100111 ]
b100000100000 "
b100000100000 E
b100000100000 h
b11001001 i
b1110100110001001 m
b10111001 J
b10111001 g
b10111001 k
b1110011101 !
b1110011101 D
b1110011101 s
1u
b11011011 t
1r
b11100111 q
1,
#2610000
09
b0 7
b0 ?
b0 X
0*
b0 (
b0 =
b0 a
0,
#2615000
b11111111111111111110110100100110 !
b11111111111111111110110100100110 D
b11111111111111111110110100100110 s
b1010001 t
b10111001 q
0j
b0 i
0H
b0 J
b0 g
b0 k
0@
b0 m
b0 B
b0 `
b0 l
0^
b0 ]
1,
#2616000
b11111110 4
b1110010 3
b1111100 2
b10000011 1
b1000101 0
b11111010 /
b101010 .
b10100001 -
b100111 ;
#2620000
1+
0,
#2625000
b0 $
b0 G
b0 U
b0 #
b0 F
b0 _
b0 "
b0 E
b0 h
b0 !
b0 D
b0 s
0u
b0 t
0r
b0 q
1,
#2630000
18
b10111001100011 P
b10000011 6
b10000011 >
b10000011 O
1)
b10100001 '
b10100001 <
b10100001 N
0+
0,
#2635000
b10111001100011 $
b10111001100011 G
b10111001100011 U
1A
b10000011 C
b10000011 V
b10000011 b
1I
b10100001 K
b10100001 T
b10100001 W
1,
#2640000
19
b1101000111111100 Y
b1111100 7
b1111100 ?
b1111100 X
b1110010 6
b1110010 >
b1110010 O
1*
b1011101110 c
b11111010 (
b11111010 =
b11111010 a
b1001010110100 P
b101010 '
b101010 <
b101010 N
0,
#2645000
b100000100010111 $
b100000100010111 G
b100000100010111 U
b1111110101010100 c
b1110010 C
b1110010 V
b1110010 b
b1010001011000 Y
b101010 K
b101010 T
b101010 W
b11111111111111111101000111111100 #
b11111111111111111101000111111100 F
b11111111111111111101000111111100 _
1@
b1111110100011000 m
b1111100 B
b1111100 `
b1111100 l
1^
b10100001 ]
b1011101110 "
b1011101110 E
b1011101110 h
1j
b10000011 i
1H
b11111010 J
b11111010 g
b11111010 k
1,
#2650000
b1111111110101100 Y
b11111110 7
b11111110 ?
b11111110 X
08
b0 6
b0 >
b0 O
b1111010111010 c
b1000101 (
b1000101 =
b1000101 a
0)
b0 P
b0 '
b0 <
b0 N
0,
#2655000
b11111111111111111111110100011000 !
b11111111111111111111110100011000 D
b11111111111111111111110100011000 s
1u
b1111100 t
1r
b11111010 q
b10000110101000 "
b10000110101000 E
b10000110101000 h
b1110010 i
b1000101 J
b1000101 g
b1000101 k
b11111111111111111101000110101000 #
b11111111111111111101000110101000 F
b11111111111111111101000110101000 _
b1111111101110110 m
b11111110 B
b11111110 `
b11111110 l
b101010 ]
0A
b0 c
b0 C
b0 V
b0 b
0I
b0 Y
b0 K
b0 T
b0 W
1,
#2660000
09
b0 7
b0 ?
b0 X
0*
b0 (
b0 =
b0 a
0,
#2665000
0@
b0 B
b0 `
b0 l
0^
b0 ]
0j
b0 i
0H
b0 m
b0 J
b0 g
b0 k
b11111111111111111111110010001110 !
b11111111111111111111110010001110 D
b11111111111111111111110010001110 s
b11111110 t
b1000101 q
1,
#2666000
b11110110 4
b101000 3
b1000000 2
b111000 1
b11110000 0
b10000110 /
b1101111 .
b1101000 -
b101000 ;
#2670000
1+
0,
#2675000
b0 !
b0 D
b0 s
0u
b0 t
0r
b0 q
b0 "
b0 E
b0 h
b0 #
b0 F
b0 _
b0 $
b0 G
b0 U
1,
#2680000
18
b1011011000000 P
b111000 6
b111000 >
b111000 O
1)
b1101000 '
b1101000 <
b1101000 N
0+
0,
#2685000
b1011011000000 $
b1011011000000 G
b1011011000000 U
1A
b111000 C
b111000 V
b111000 b
1I
b1101000 K
b1101000 T
b1101000 W
1,
#2690000
19
b1101000000000 Y
b1000000 7
b1000000 ?
b1000000 X
b101000 6
b101000 >
b101000 O
1*
b1110010101010000 c
b10000110 (
b10000110 =
b10000110 a
b1000101011000 P
b1101111 '
b1101111 <
b1101111 N
0,
#2695000
b11111111111111111110010101010000 "
b11111111111111111110010101010000 E
b11111111111111111110010101010000 h
1j
b111000 i
1H
b1110000110000000 m
b10000110 J
b10000110 g
b10000110 k
b1101000000000 #
b1101000000000 F
b1101000000000 _
1@
b1000000 B
b1000000 `
b1000000 l
1^
b1101000 ]
b10100000011000 $
b10100000011000 G
b10100000011000 U
b1110110011110000 c
b101000 C
b101000 V
b101000 b
b1101111000000 Y
b1101111 K
b1101111 T
b1101111 W
1,
#2700000
b1111101110101010 Y
b11110110 7
b11110110 ?
b11110110 X
08
b0 6
b0 >
b0 O
b1111110110000000 c
b11110000 (
b11110000 =
b11110000 a
0)
b0 P
b0 '
b0 <
b0 N
0,
#2705000
0A
b0 c
b0 C
b0 V
b0 b
0I
b0 Y
b0 K
b0 T
b0 W
b1010110101010 #
b1010110101010 F
b1010110101010 _
b11110110 B
b11110110 `
b11110110 l
b1101111 ]
b11111111111111111110001011010000 "
b11111111111111111110001011010000 E
b11111111111111111110001011010000 h
b101000 i
b10100000 m
b11110000 J
b11110000 g
b11110000 k
b11111111111111111110000110000000 !
b11111111111111111110000110000000 D
b11111111111111111110000110000000 s
1u
b1000000 t
1r
b10000110 q
1,
#2710000
09
b0 7
b0 ?
b0 X
0*
b0 (
b0 =
b0 a
0,
#2715000
b11111111111111111110001000100000 !
b11111111111111111110001000100000 D
b11111111111111111110001000100000 s
b11110110 t
b11110000 q
0j
b0 i
0H
b0 J
b0 g
b0 k
0@
b0 m
b0 B
b0 `
b0 l
0^
b0 ]
1,
#2716000
b1100010 4
b101010 3
b111100 2
b10110000 1
b111001 0
b1110100 /
b11000000 .
b11000101 -
b101001 ;
#2720000
1+
0,
#2725000
b0 $
b0 G
b0 U
b0 #
b0 F
b0 _
b0 "
b0 E
b0 h
b0 !
b0 D
b0 s
0u
b0 t
0r
b0 q
1,
#2730000
18
b1001001110000 P
b10110000 6
b10110000 >
b10110000 O
1)
b11000101 '
b11000101 <
b11000101 N
0+
0,
#2735000
b1001001110000 $
b1001001110000 G
b1001001110000 U
1A
b10110000 C
b10110000 V
b10110000 b
1I
b11000101 K
b11000101 T
b11000101 W
1,
#2740000
19
b1111001000101100 Y
b111100 7
b111100 ?
b111100 X
b101010 6
b101010 >
b101010 O
1*
b1101101111000000 c
b1110100 (
b1110100 =
b1110100 a
b1111010110000000 P
b11000000 '
b11000000 <
b11000000 N
0,
#2745000
b11111110000 $
b11111110000 G
b11111110000 U
b1001100001000 c
b101010 C
b101010 V
b101010 b
b1111000100000000 Y
b11000000 K
b11000000 T
b11000000 W
b11111111111111111111001000101100 #
b11111111111111111111001000101100 F
b11111111111111111111001000101100 _
1@
b1101100110000 m
b111100 B
b111100 `
b111100 l
1^
b11000101 ]
b11111111111111111101101111000000 "
b11111111111111111101101111000000 E
b11111111111111111101101111000000 h
1j
b10110000 i
1H
b1110100 J
b1110100 g
b1110100 k
1,
#2750000
b1110011110000000 Y
b1100010 7
b1100010 ?
b1100010 X
08
b0 6
b0 >
b0 O
b100101011010 c
b111001 (
b111001 =
b111001 a
0)
b0 P
b0 '
b0 <
b0 N
0,
#2755000
b1101100110000 !
b1101100110000 D
b1101100110000 s
1u
b111100 t
1r
b1110100 q
b11111111111111111110010100011010 "
b11111111111111111110010100011010 E
b11111111111111111110010100011010 h
b101010 i
b111001 J
b111001 g
b111001 k
b11111111111111111101100110101100 #
b11111111111111111101100110101100 F
b11111111111111111101100110101100 _
b1010111010010 m
b1100010 B
b1100010 `
b1100010 l
b11000000 ]
0A
b0 c
b0 C
b0 V
b0 b
0I
b0 Y
b0 K
b0 T
b0 W
1,
#2760000
09
b0 7
b0 ?
b0 X
0*
b0 (
b0 =
b0 a
0,
#2765000
0@
b0 B
b0 `
b0 l
0^
b0 ]
0j
b0 i
0H
b0 m
b0 J
b0 g
b0 k
b11000100000010 !
b11000100000010 D
b11000100000010 s
b1100010 t
b111001 q
1,
#2766000
b11000001 4
b100101 3
b10000110 2
b11001001 1
b1000011 0
b10111 /
b11100001 .
b10101 -
b101010 ;
#2770000
1+
0,
#2775000
b0 !
b0 D
b0 s
0u
b0 t
0r
b0 q
b0 "
b0 E
b0 h
b0 #
b0 F
b0 _
b0 $
b0 G
b0 U
1,
#2780000
18
b1111101101111101 P
b11001001 6
b11001001 >
b11001001 O
1)
b10101 '
b10101 <
b10101 N
0+
0,
#2785000
b11111111111111111111101101111101 $
b11111111111111111111101101111101 G
b11111111111111111111101101111101 U
1A
b11001001 C
b11001001 V
b11001001 b
1I
b10101 K
b10101 T
b10101 W
1,
#2790000
19
b1111010111111110 Y
b10000110 7
b10000110 ?
b10000110 X
b100101 6
b100101 >
b100101 O
1*
b1111101100001111 c
b10111 (
b10111 =
b10111 a
b1111101110000101 P
b11100001 '
b11100001 <
b11100001 N
0,
#2795000
b11111111111111111111101100001111 "
b11111111111111111111101100001111 E
b11111111111111111111101100001111 h
1j
b11001001 i
1H
b1111010100001010 m
b10111 J
b10111 g
b10111 k
b11111111111111111111010111111110 #
b11111111111111111111010111111110 F
b11111111111111111111010111111110 _
1@
b10000110 B
b10000110 `
b10000110 l
1^
b10101 ]
b11111111111111111111011100000010 $
b11111111111111111111011100000010 G
b11111111111111111111011100000010 U
b1101010011 c
b100101 C
b100101 V
b100101 b
b111011000110 Y
b11100001 K
b11100001 T
b11100001 W
1,
#2800000
b11110100001 Y
b11000001 7
b11000001 ?
b11000001 X
08
b0 6
b0 >
b0 O
b100110101111 c
b1000011 (
b1000011 =
b1000011 a
0)
b0 P
b0 '
b0 <
b0 N
0,
#2805000
0A
b0 c
b0 C
b0 V
b0 b
0I
b0 Y
b0 K
b0 T
b0 W
b11111111111111111111110110011111 #
b11111111111111111111110110011111 F
b11111111111111111111110110011111 _
b11000001 B
b11000001 `
b11000001 l
b11100001 ]
b10010111110 "
b10010111110 E
b10010111110 h
b100101 i
b1110111110000011 m
b1000011 J
b1000011 g
b1000011 k
b11111111111111111111010100001010 !
b11111111111111111111010100001010 D
b11111111111111111111010100001010 s
1u
b10000110 t
1r
b10111 q
1,
#2810000
09
b0 7
b0 ?
b0 X
0*
b0 (
b0 =
b0 a
0,
#2815000
b11111111111111111110010010001101 !
b11111111111111111110010010001101 D
b11111111111111111110010010001101 s
b11000001 t
b1000011 q
0j
b0 i
0H
b0 J
b0 g
b0 k
0@
b0 m
b0 B
b0 `
b0 l
0^
b0 ]
1,
#2816000
b10110110 4
b111011 3
b1110001 2
b1100 1
b101100 0
b111 /
b1011010 .
b10001101 -
b101011 ;
#2820000
1+
0,
#2825000
b0 $
b0 G
b0 U
b0 #
b0 F
b0 _
b0 "
b0 E
b0 h
b0 !
b0 D
b0 s
0u
b0 t
0r
b0 q
1,
#2830000
18
b1111101010011100 P
b1100 6
b1100 >
b1100 O
1)
b10001101 '
b10001101 <
b10001101 N
0+
0,
#2835000
b11111111111111111111101010011100 $
b11111111111111111111101010011100 G
b11111111111111111111101010011100 U
1A
b1100 C
b1100 V
b1100 b
1I
b10001101 K
b10001101 T
b10001101 W
1,
#2840000
19
b1100110100111101 Y
b1110001 7
b1110001 ?
b1110001 X
b111011 6
b111011 >
b111011 O
1*
b1010100 c
b111 (
b111 =
b111 a
b1010010111110 P
b1011010 '
b1011010 <
b1011010 N
0,
#2845000
b111101011010 $
b111101011010 G
b111101011010 U
b110011101 c
b111011 C
b111011 V
b111011 b
b10011110111010 Y
b1011010 K
b1011010 T
b1011010 W
b11111111111111111100110100111101 #
b11111111111111111100110100111101 F
b11111111111111111100110100111101 _
1@
b1100010111 m
b1110001 B
b1110001 `
b1110001 l
1^
b10001101 ]
b1010100 "
b1010100 E
b1010100 h
1j
b1100 i
1H
b111 J
b111 g
b111 k
1,
#2850000
b1110010111111100 Y
b10110110 7
b10110110 ?
b10110110 X
08
b0 6
b0 >
b0 O
b101000100100 c
b101100 (
b101100 =
b101100 a
0)
b0 P
b0 '
b0 <
b0 N
0,
#2855000
b1100010111 !
b1100010111 D
b1100010111 s
1u
b1110001 t
1r
b111 q
b101001111000 "
b101001111000 E
b101001111000 h
b111011 i
b101100 J
b101100 g
b101100 k
b11111111111111111011001100111001 #
b11111111111111111011001100111001 F
b11111111111111111011001100111001 _
b1111001101001000 m
b10110110 B
b10110110 `
b10110110 l
b1011010 ]
0A
b0 c
b0 C
b0 V
b0 b
0I
b0 Y
b0 K
b0 T
b0 W
1,
#2860000
09
b0 7
b0 ?
b0 X
0*
b0 (
b0 =
b0 a
0,
#2865000
0@
b0 B
b0 `
b0 l
0^
b0 ]
0j
b0 i
0H
b0 m
b0 J
b0 g
b0 k
b11111111111111111111011001011111 !
b11111111111111111111011001011111 D
b11111111111111111111011001011111 s
b10110110 t
b101100 q
1,
#2866000
b10110100 4
b1110010 3
b10100000 2
b100000 1
b1010101 0
b1011100 /
b10011110 .
b11110111 -
b101100 ;
#2870000
1+
0,
#2875000
b0 !
b0 D
b0 s
0u
b0 t
0r
b0 q
b0 "
b0 E
b0 h
b0 #
b0 F
b0 _
b0 $
b0 G
b0 U
1,
#2880000
18
b1111111011100000 P
b100000 6
b100000 >
b100000 O
1)
b11110111 '
b11110111 <
b11110111 N
0+
0,
#2885000
b11111111111111111111111011100000 $
b11111111111111111111111011100000 G
b11111111111111111111111011100000 U
1A
b100000 C
b100000 V
b100000 b
1I
b11110111 K
b11110111 T
b11110111 W
1,
#2890000
19
b1101100000 Y
b10100000 7
b10100000 ?
b10100000 X
b1110010 6
b1110010 >
b1110010 O
1*
b101110000000 c
b1011100 (
b1011100 =
b1011100 a
b1101010001011100 P
b10011110 '
b10011110 <
b10011110 N
0,
#2895000
b101110000000 "
b101110000000 E
b101110000000 h
1j
b100000 i
1H
b1101110110000000 m
b1011100 J
b1011100 g
b1011100 k
b1101100000 #
b1101100000 F
b1101100000 _
1@
b10100000 B
b10100000 `
b10100000 l
1^
b11110111 ]
b11111111111111111101001100111100 $
b11111111111111111101001100111100 G
b11111111111111111101001100111100 U
b10100011111000 c
b1110010 C
b1110010 V
b1110010 b
b10010011000000 Y
b10011110 K
b10011110 T
b10011110 W
1,
#2900000
b1110100011000 Y
b10110100 7
b10110100 ?
b10110100 X
08
b0 6
b0 >
b0 O
b10010111011010 c
b1010101 (
b1010101 =
b1010101 a
0)
b0 P
b0 '
b0 <
b0 N
0,
#2905000
0A
b0 c
b0 C
b0 V
b0 b
0I
b0 Y
b0 K
b0 T
b0 W
b10000001111000 #
b10000001111000 F
b10000001111000 _
b10110100 B
b10110100 `
b10110100 l
b10011110 ]
b11000101011010 "
b11000101011010 E
b11000101011010 h
b1110010 i
b1110011011000100 m
b1010101 J
b1010101 g
b1010101 k
b11111111111111111101110110000000 !
b11111111111111111101110110000000 D
b11111111111111111101110110000000 s
1u
b10100000 t
1r
b1011100 q
1,
#2910000
09
b0 7
b0 ?
b0 X
0*
b0 (
b0 =
b0 a
0,
#2915000
b11111111111111111100010001000100 !
b11111111111111111100010001000100 D
b11111111111111111100010001000100 s
b10110100 t
b1010101 q
0j
b0 i
0H
b0 J
b0 g
b0 k
0@
b0 m
b0 B
b0 `
b0 l
0^
b0 ]
1,
#2916000
b10001111 4
b1111011 3
b11111101 2
b10011110 1
b1111001 0
b1001011 /
b1101 .
b11011101 -
b101101 ;
#2920000
1+
0,
#2925000
b0 $
b0 G
b0 U
b0 #
b0 F
b0 _
b0 "
b0 E
b0 h
b0 !
b0 D
b0 s
0u
b0 t
0r
b0 q
1,
#2930000
18
b110101100110 P
b10011110 6
b10011110 >
b10011110 O
1)
b11011101 '
b11011101 <
b11011101 N
0+
0,
#2935000
b110101100110 $
b110101100110 G
b110101100110 U
1A
b10011110 C
b10011110 V
b10011110 b
1I
b11011101 K
b11011101 T
b11011101 W
1,
#2940000
19
b1101001 Y
b11111101 7
b11111101 ?
b11111101 X
b1111011 6
b1111011 >
b1111011 O
1*
b1110001101001010 c
b1001011 (
b1001011 =
b1001011 a
b11000111111 P
b1101 '
b1101 <
b1101 N
0,
#2945000
b1001110100101 $
b1001110100101 G
b1001110100101 U
b10010000001001 c
b1111011 C
b1111011 V
b1111011 b
b1111111111011001 Y
b1101 K
b1101 T
b1101 W
b1101001 #
b1101001 F
b1101001 _
1@
b1111111100011111 m
b11111101 B
b11111101 `
b11111101 l
1^
b11011101 ]
b11111111111111111110001101001010 "
b11111111111111111110001101001010 E
b11111111111111111110001101001010 h
1j
b10011110 i
1H
b1001011 J
b1001011 g
b1001011 k
1,
#2950000
b1111101001000011 Y
b10001111 7
b10001111 ?
b10001111 X
08
b0 6
b0 >
b0 O
b11101000100011 c
b1111001 (
b1111001 =
b1111001 a
0)
b0 P
b0 '
b0 <
b0 N
0,
#2955000
b11111111111111111111111100011111 !
b11111111111111111111111100011111 D
b11111111111111111111111100011111 s
1u
b11111101 t
1r
b1001011 q
b1110101101101 "
b1110101101101 E
b1110101101101 h
b1111011 i
b1111001 J
b1111001 g
b1111001 k
b11111111111111111111101010101100 #
b11111111111111111111101010101100 F
b11111111111111111111101010101100 _
b1100101010010111 m
b10001111 B
b10001111 `
b10001111 l
b1101 ]
0A
b0 c
b0 C
b0 V
b0 b
0I
b0 Y
b0 K
b0 T
b0 W
1,
#2960000
09
b0 7
b0 ?
b0 X
0*
b0 (
b0 =
b0 a
0,
#2965000
0@
b0 B
b0 `
b0 l
0^
b0 ]
0j
b0 i
0H
b0 m
b0 J
b0 g
b0 k
b11111111111111111100100110110110 !
b11111111111111111100100110110110 D
b11111111111111111100100110110110 s
b10001111 t
b1111001 q
1,
#2966000
b11101101 4
b11100000 3
b10010101 2
b1000100 1
b10110001 0
b11101 /
b11100011 .
b11 -
b101110 ;
#2970000
1+
0,
#2975000
b0 !
b0 D
b0 s
0u
b0 t
0r
b0 q
b0 "
b0 E
b0 h
b0 #
b0 F
b0 _
b0 $
b0 G
b0 U
1,
#2980000
18
b11001100 P
b1000100 6
b1000100 >
b1000100 O
1)
b11 '
b11 <
b11 N
0+
0,
#2985000
b11001100 $
b11001100 G
b11001100 U
1A
b1000100 C
b1000100 V
b1000100 b
1I
b11 K
b11 T
b11 W
1,
#2990000
19
b1111111010111111 Y
b10010101 7
b10010101 ?
b10010101 X
b11100000 6
b11100000 >
b11100000 O
1*
b11110110100 c
b11101 (
b11101 =
b11101 a
b1110100000 P
b11100011 '
b11100011 <
b11100011 N
0,
#2995000
b11110110100 "
b11110110100 E
b11110110100 h
1j
b1000100 i
1H
b1111001111100001 m
b11101 J
b11101 g
b11101 k
b11111111111111111111111010111111 #
b11111111111111111111111010111111 F
b11111111111111111111111010111111 _
1@
b10010101 B
b10010101 `
b10010101 l
1^
b11 ]
b10001101100 $
b10001101100 G
b10001101100 U
b1111110001100000 c
b11100000 C
b11100000 V
b11100000 b
b110000011111 Y
b11100011 K
b11100011 T
b11100011 W
1,
#3000000
b1000100111 Y
b11101101 7
b11101101 ?
b11101101 X
08
b0 6
b0 >
b0 O
b100111100000 c
b10110001 (
b10110001 =
b10110001 a
0)
b0 P
b0 '
b0 <
b0 N
0,
#3005000
0A
b0 c
b0 C
b0 V
b0 b
0I
b0 Y
b0 K
b0 T
b0 W
b11100110 #
b11100110 F
b11100110 _
b11101101 B
b11101101 `
b11101101 l
b11100011 ]
b1000110010100 "
b1000110010100 E
b1000110010100 h
b11100000 i
b10111011101 m
b10110001 J
b10110001 g
b10110001 k
b11111111111111111111001111100001 !
b11111111111111111111001111100001 D
b11111111111111111111001111100001 s
1u
b10010101 t
1r
b11101 q
1,
#3010000
09
b0 7
b0 ?
b0 X
0*
b0 (
b0 =
b0 a
0,
#3015000
b11111111111111111111100110111110 !
b11111111111111111111100110111110 D
b11111111111111111111100110111110 s
b11101101 t
b10110001 q
0j
b0 i
0H
b0 J
b0 g
b0 k
0@
b0 m
b0 B
b0 `
b0 l
0^
b0 ]
1,
#3016000
b10010000 4
b10001100 3
b1000110 2
b10000100 1
b1010010 0
b10001101 /
b11111000 .
b1010010 -
b101111 ;
#3020000
1+
0,
#3025000
b0 $
b0 G
b0 U
b0 #
b0 F
b0 _
b0 "
b0 E
b0 h
b0 !
b0 D
b0 s
0u
b0 t
0r
b0 q
1,
#3030000
18
b1101100001001000 P
b10000100 6
b10000100 >
b10000100 O
1)
b1010010 '
b1010010 <
b1010010 N
0+
0,
#3035000
b11111111111111111101100001001000 $
b11111111111111111101100001001000 G
b11111111111111111101100001001000 U
1A
b10000100 C
b10000100 V
b10000100 b
1I
b1010010 K
b1010010 T
b1010010 W
1,
#3040000
19
b1011001101100 Y
b1000110 7
b1000110 ?
b1000110 X
b10001100 6
b10001100 >
b10001100 O
1*
b11011110110100 c
b10001101 (
b10001101 =
b10001101 a
b1110100000 P
b11111000 '
b11111000 <
b11111000 N
0,
#3045000
b11111111111111111101101111101000 $
b11111111111111111101101111101000 G
b11111111111111111101101111101000 U
b11010000011100 c
b10001100 C
b10001100 V
b10001100 b
b1111110111010000 Y
b11111000 K
b11111000 T
b11111000 W
b1011001101100 #
b1011001101100 F
b1011001101100 _
1@
b1110000010001110 m
b1000110 B
b1000110 `
b1000110 l
1^
b1010010 ]
b11011110110100 "
b11011110110100 E
b11011110110100 h
1j
b10000100 i
1H
b10001101 J
b10001101 g
b10001101 k
1,
#3050000
b1110000000 Y
b10010000 7
b10010000 ?
b10010000 X
08
b0 6
b0 >
b0 O
b1101101011011000 c
b1010010 (
b1010010 =
b1010010 a
0)
b0 P
b0 '
b0 <
b0 N
0,
#3055000
b11111111111111111110000010001110 !
b11111111111111111110000010001110 D
b11111111111111111110000010001110 s
1u
b1000110 t
1r
b10001101 q
b1001010001100 "
b1001010001100 E
b1001010001100 h
b10001100 i
b1010010 J
b1010010 g
b1010010 k
b1100111101100 #
b1100111101100 F
b1100111101100 _
b1101110000100000 m
b10010000 B
b10010000 `
b10010000 l
b11111000 ]
0A
b0 c
b0 C
b0 V
b0 b
0I
b0 Y
b0 K
b0 T
b0 W
1,
#3060000
09
b0 7
b0 ?
b0 X
0*
b0 (
b0 =
b0 a
0,
#3065000
0@
b0 B
b0 `
b0 l
0^
b0 ]
0j
b0 i
0H
b0 m
b0 J
b0 g
b0 k
b11111111111111111011110010101110 !
b11111111111111111011110010101110 D
b11111111111111111011110010101110 s
b10010000 t
b1010010 q
1,
#3066000
b10001011 4
b10111010 3
b1100000 2
b1111100 1
b10101010 0
b10000100 /
b1101010 .
b10111 -
b110000 ;
#3070000
1+
0,
#3075000
b0 !
b0 D
b0 s
0u
b0 t
0r
b0 q
b0 "
b0 E
b0 h
b0 #
b0 F
b0 _
b0 $
b0 G
b0 U
1,
#3080000
18
b101100100100 P
b1111100 6
b1111100 >
b1111100 O
1)
b10111 '
b10111 <
b10111 N
0+
0,
#3085000
b101100100100 $
b101100100100 G
b101100100100 U
1A
b1111100 C
b1111100 V
b1111100 b
1I
b10111 K
b10111 T
b10111 W
1,
#3090000
19
b100010100000 Y
b1100000 7
b1100000 ?
b1100000 X
b10111010 6
b10111010 >
b10111010 O
1*
b1100001111110000 c
b10000100 (
b10000100 =
b10000100 a
b1110001100000100 P
b1101010 '
b1101010 <
b1101010 N
0,
#3095000
b11111111111111111100001111110000 "
b11111111111111111100001111110000 E
b11111111111111111100001111110000 h
1j
b1111100 i
1H
b1101000110000000 m
b10000100 J
b10000100 g
b10000100 k
b100010100000 #
b100010100000 F
b100010100000 _
1@
b1100000 B
b1100000 `
b1100000 l
1^
b10111 ]
b11111111111111111110111000101000 $
b11111111111111111110111000101000 G
b11111111111111111110111000101000 U
b10000111101000 c
b10111010 C
b10111010 V
b10111010 b
b10011111000000 Y
b1101010 K
b1101010 T
b1101010 W
1,
#3100000
b1100111110001110 Y
b10001011 7
b10001011 ?
b10001011 X
08
b0 6
b0 >
b0 O
b1011110000100 c
b10101010 (
b10101010 =
b10101010 a
0)
b0 P
b0 '
b0 <
b0 N
0,
#3105000
0A
b0 c
b0 C
b0 V
b0 b
0I
b0 Y
b0 K
b0 T
b0 W
b11111111111111111101100000101110 #
b11111111111111111101100000101110 F
b11111111111111111101100000101110 _
b10001011 B
b10001011 `
b10001011 l
b1101010 ]
b11111111111111111101101101110100 "
b11111111111111111101101101110100 E
b11111111111111111101101101110100 h
b10111010 i
b10011101001110 m
b10101010 J
b10101010 g
b10101010 k
b11111111111111111101000110000000 !
b11111111111111111101000110000000 D
b11111111111111111101000110000000 s
1u
b1100000 t
1r
b10000100 q
1,
#3110000
09
b0 7
b0 ?
b0 X
0*
b0 (
b0 =
b0 a
0,
#3115000
b11111111111111111111100011001110 !
b11111111111111111111100011001110 D
b11111111111111111111100011001110 s
b10001011 t
b10101010 q
0j
b0 i
0H
b0 J
b0 g
b0 k
0@
b0 m
b0 B
b0 `
b0 l
0^
b0 ]
1,
#3116000
b1001011 4
b111101 3
b10100 2
b1001001 1
b10100010 0
b110010 /
b100101 .
b10100110 -
b110001 ;
#3120000
1+
0,
#3125000
b0 $
b0 G
b0 U
b0 #
b0 F
b0 _
b0 "
b0 E
b0 h
b0 !
b0 D
b0 s
0u
b0 t
0r
b0 q
1,
#3130000
18
b1110011001010110 P
b1001001 6
b1001001 >
b1001001 O
1)
b10100110 '
b10100110 <
b10100110 N
0+
0,
#3135000
b11111111111111111110011001010110 $
b11111111111111111110011001010110 G
b11111111111111111110011001010110 U
1A
b1001001 C
b1001001 V
b1001001 b
1I
b10100110 K
b10100110 T
b10100110 W
1,
#3140000
19
b1111100011111000 Y
b10100 7
b10100 ?
b10100 X
b111101 6
b111101 >
b111101 O
1*
b111001000010 c
b110010 (
b110010 =
b110010 a
b100011010001 P
b100101 '
b100101 <
b100101 N
0,
#3145000
b11111111111111111110111100100111 $
b11111111111111111110111100100111 G
b11111111111111111110111100100111 U
b101111101010 c
b111101 C
b111101 V
b111101 b
b1011100100 Y
b100101 K
b100101 T
b100101 W
b11111111111111111111100011111000 #
b11111111111111111111100011111000 F
b11111111111111111111100011111000 _
1@
b1111101000 m
b10100 B
b10100 `
b10100 l
1^
b10100110 ]
b111001000010 "
b111001000010 E
b111001000010 h
1j
b1001001 i
1H
b110010 J
b110010 g
b110010 k
1,
#3150000
b101011010111 Y
b1001011 7
b1001011 ?
b1001011 X
08
b0 6
b0 >
b0 O
b1110100110011010 c
b10100010 (
b10100010 =
b10100010 a
0)
b0 P
b0 '
b0 <
b0 N
0,
#3155000
b1111101000 !
b1111101000 D
b1111101000 s
1u
b10100 t
1r
b110010 q
b11111111111111111111011111011100 "
b11111111111111111111011111011100 E
b11111111111111111111011111011100 h
b111101 i
b10100010 J
b10100010 g
b10100010 k
b1111001111 #
b1111001111 F
b1111001111 _
b1110010001110110 m
b1001011 B
b1001011 `
b1001011 l
b100101 ]
0A
b0 c
b0 C
b0 V
b0 b
0I
b0 Y
b0 K
b0 T
b0 W
1,
#3160000
09
b0 7
b0 ?
b0 X
0*
b0 (
b0 =
b0 a
0,
#3165000
0@
b0 B
b0 `
b0 l
0^
b0 ]
0j
b0 i
0H
b0 m
b0 J
b0 g
b0 k
b11111111111111111110100001011110 !
b11111111111111111110100001011110 D
b11111111111111111110100001011110 s
b1001011 t
b10100010 q
1,
#3166000
b10001100 4
b101100 3
b11010000 2
b10110100 1
b111001 0
b10000110 /
b1000111 .
b1011100 -
b110010 ;
#3170000
1+
0,
#3175000
b0 !
b0 D
b0 s
0u
b0 t
0r
b0 q
b0 "
b0 E
b0 h
b0 #
b0 F
b0 _
b0 $
b0 G
b0 U
1,
#3180000
18
b1110010010110000 P
b10110100 6
b10110100 >
b10110100 O
1)
b1011100 '
b1011100 <
b1011100 N
0+
0,
#3185000
b11111111111111111110010010110000 $
b11111111111111111110010010110000 G
b11111111111111111110010010110000 U
1A
b10110100 C
b10110100 V
b10110100 b
1I
b1011100 K
b1011100 T
b1011100 W
1,
#3190000
19
b1110111011000000 Y
b11010000 7
b11010000 ?
b11010000 X
b101100 6
b101100 >
b101100 O
1*
b10010000111000 c
b10000110 (
b10000110 =
b10000110 a
b110000110100 P
b1000111 '
b1000111 <
b1000111 N
0,
#3195000
b10010000111000 "
b10010000111000 E
b10010000111000 h
1j
b10110100 i
1H
b1011011100000 m
b10000110 J
b10000110 g
b10000110 k
b11111111111111111110111011000000 #
b11111111111111111110111011000000 F
b11111111111111111110111011000000 _
1@
b11010000 B
b11010000 `
b11010000 l
1^
b1011100 ]
b11111111111111111111000011100100 $
b11111111111111111111000011100100 G
b11111111111111111111000011100100 U
b1110101100001000 c
b101100 C
b101100 V
b101100 b
b1111001010110000 Y
b1000111 K
b1000111 T
b1000111 W
1,
#3200000
b1101111111010100 Y
b10001100 7
b10001100 ?
b10001100 X
08
b0 6
b0 >
b0 O
b100111001100 c
b111001 (
b111001 =
b111001 a
0)
b0 P
b0 '
b0 <
b0 N
0,
#3205000
0A
b0 c
b0 C
b0 V
b0 b
0I
b0 Y
b0 K
b0 T
b0 W
b11111111111111111100111010010100 #
b11111111111111111100111010010100 F
b11111111111111111100111010010100 _
b10001100 B
b10001100 `
b10001100 l
b1000111 ]
b10111000000100 "
b10111000000100 E
b10111000000100 h
b101100 i
b1110011000101100 m
b111001 J
b111001 g
b111001 k
b1011011100000 !
b1011011100000 D
b1011011100000 s
1u
b11010000 t
1r
b10000110 q
1,
#3210000
09
b0 7
b0 ?
b0 X
0*
b0 (
b0 =
b0 a
0,
#3215000
b11111111111111111111110100001100 !
b11111111111111111111110100001100 D
b11111111111111111111110100001100 s
b10001100 t
b111001 q
0j
b0 i
0H
b0 J
b0 g
b0 k
0@
b0 m
b0 B
b0 `
b0 l
0^
b0 ]
1,
#3216000
b100011 4
b11101100 3
b1110011 2
b1001011 1
b11101000 0
b10001 /
b1101010 .
b111 -
b110011 ;
#3220000
1+
0,
#3225000
b0 $
b0 G
b0 U
b0 #
b0 F
b0 _
b0 "
b0 E
b0 h
b0 !
b0 D
b0 s
0u
b0 t
0r
b0 q
1,
#3230000
18
b1000001101 P
b1001011 6
b1001011 >
b1001011 O
1)
b111 '
b111 <
b111 N
0+
0,
#3235000
b1000001101 $
b1000001101 G
b1000001101 U
1A
b1001011 C
b1001011 V
b1001011 b
1I
b111 K
b111 T
b111 W
1,
#3240000
19
b1100100101 Y
b1110011 7
b1110011 ?
b1110011 X
b11101100 6
b11101100 >
b11101100 O
1*
b10011111011 c
b10001 (
b10001 =
b10001 a
b1111011110111000 P
b1101010 '
b1101010 <
b1101010 N
0,
#3245000
b11111111111111111111100111000101 $
b11111111111111111111100111000101 G
b11111111111111111111100111000101 U
b1111111010101100 c
b11101100 C
b11101100 V
b11101100 b
b10111110011110 Y
b1101010 K
b1101010 T
b1101010 W
b1100100101 #
b1100100101 F
b1100100101 _
1@
b11110100011 m
b1110011 B
b1110011 `
b1110011 l
1^
b111 ]
b10011111011 "
b10011111011 E
b10011111011 h
1j
b1001011 i
1H
b10001 J
b10001 g
b10001 k
1,
#3250000
b111001111110 Y
b100011 7
b100011 ?
b100011 X
08
b0 6
b0 >
b0 O
b111100000 c
b11101000 (
b11101000 =
b11101000 a
0)
b0 P
b0 '
b0 <
b0 N
0,
#3255000
b11110100011 !
b11110100011 D
b11110100011 s
1u
b1110011 t
1r
b10001 q
b11011011011 "
b11011011011 E
b11011011011 h
b11101100 i
b11101000 J
b11101000 g
b11101000 k
b1000110100011 #
b1000110100011 F
b1000110100011 _
b1111110010111000 m
b100011 B
b100011 `
b100011 l
b1101010 ]
0A
b0 c
b0 C
b0 V
b0 b
0I
b0 Y
b0 K
b0 T
b0 W
1,
#3260000
09
b0 7
b0 ?
b0 X
0*
b0 (
b0 =
b0 a
0,
#3265000
0@
b0 B
b0 `
b0 l
0^
b0 ]
0j
b0 i
0H
b0 m
b0 J
b0 g
b0 k
b10001011011 !
b10001011011 D
b10001011011 s
b100011 t
b11101000 q
1,
#3266000
b10110000 4
b10011101 3
b1100111 2
b11010100 1
b11011111 0
b111001 /
b11001001 .
b10100100 -
b110100 ;
#3270000
1+
0,
#3275000
b0 !
b0 D
b0 s
0u
b0 t
0r
b0 q
b0 "
b0 E
b0 h
b0 #
b0 F
b0 _
b0 $
b0 G
b0 U
1,
#3280000
18
b111111010000 P
b11010100 6
b11010100 >
b11010100 O
1)
b10100100 '
b10100100 <
b10100100 N
0+
0,
#3285000
b111111010000 $
b111111010000 G
b111111010000 U
1A
b11010100 C
b11010100 V
b11010100 b
1I
b10100100 K
b10100100 T
b10100100 W
1,
#3290000
19
b1101101011111100 Y
b1100111 7
b1100111 ?
b1100111 X
b10011101 6
b10011101 >
b10011101 O
1*
b1111011000110100 c
b111001 (
b111001 =
b111001 a
b1010101000101 P
b11001001 '
b11001001 <
b11001001 N
0,
#3295000
b11111111111111111111011000110100 "
b11111111111111111111011000110100 E
b11111111111111111111011000110100 h
1j
b11010100 i
1H
b1011011101111 m
b111001 J
b111001 g
b111001 k
b11111111111111111101101011111100 #
b11111111111111111101101011111100 F
b11111111111111111101101011111100 _
1@
b1100111 B
b1100111 `
b1100111 l
1^
b10100100 ]
b10010100010101 $
b10010100010101 G
b10010100010101 U
b1110100111110101 c
b10011101 C
b10011101 V
b10011101 b
b1110100111011111 Y
b11001001 K
b11001001 T
b11001001 W
1,
#3300000
b1000100110000 Y
b10110000 7
b10110000 ?
b10110000 X
08
b0 6
b0 >
b0 O
b110011000011 c
b11011111 (
b11011111 =
b11011111 a
0)
b0 P
b0 '
b0 <
b0 N
0,
#3305000
0A
b0 c
b0 C
b0 V
b0 b
0I
b0 Y
b0 K
b0 T
b0 W
b11111111111111111110110000101100 #
b11111111111111111110110000101100 F
b11111111111111111110110000101100 _
b10110000 B
b10110000 `
b10110000 l
b11001001 ]
b1011110111 "
b1011110111 E
b1011110111 h
b10011101 i
b101001010000 m
b11011111 J
b11011111 g
b11011111 k
b1011011101111 !
b1011011101111 D
b1011011101111 s
1u
b1100111 t
1r
b111001 q
1,
#3310000
09
b0 7
b0 ?
b0 X
0*
b0 (
b0 =
b0 a
0,
#3315000
b10000100111111 !
b10000100111111 D
b10000100111111 s
b10110000 t
b11011111 q
0j
b0 i
0H
b0 J
b0 g
b0 k
0@
b0 m
b0 B
b0 `
b0 l
0^
b0 ]
1,
#3316000
b101010 4
b11100011 3
b10010011 2
b11100 1
b100000 0
b11011001 /
b1001001 .
b10000010 -
b110101 ;
#3320000
1+
0,
#3325000
b0 $
b0 G
b0 U
b0 #
b0 F
b0 _
b0 "
b0 E
b0 h
b0 !
b0 D
b0 s
0u
b0 t
0r
b0 q
1,
#3330000
18
b1111001000111000 P
b11100 6
b11100 >
b11100 O
1)
b10000010 '
b10000010 <
b10000010 N
0+
0,
#3335000
b11111111111111111111001000111000 $
b11111111111111111111001000111000 G
b11111111111111111111001000111000 U
1A
b11100 C
b11100 V
b11100 b
1I
b10000010 K
b10000010 T
b10000010 W
1,
#3340000
19
b11010110100110 Y
b10010011 7
b10010011 ?
b10010011 X
b11100011 6
b11100011 >
b11100011 O
1*
b1111101110111100 c
b11011001 (
b11011001 =
b11011001 a
b1111011110111011 P
b1001001 '
b1001001 <
b1001001 N
0,
#3345000
b11111111111111111110100111110011 $
b11111111111111111110100111110011 G
b11111111111111111110100111110011 U
b10001101011 c
b11100011 C
b11100011 V
b11100011 b
b1110000011101011 Y
b1001001 K
b1001001 T
b1001001 W
b11010110100110 #
b11010110100110 F
b11010110100110 _
1@
b1000010011011 m
b10010011 B
b10010011 `
b10010011 l
1^
b10000010 ]
b11111111111111111111101110111100 "
b11111111111111111111101110111100 E
b11111111111111111111101110111100 h
1j
b11100 i
1H
b11011001 J
b11011001 g
b11011001 k
1,
#3350000
b101111111010 Y
b101010 7
b101010 ?
b101010 X
08
b0 6
b0 >
b0 O
b1111110001100000 c
b100000 (
b100000 =
b100000 a
0)
b0 P
b0 '
b0 <
b0 N
0,
#3355000
b1000010011011 !
b1000010011011 D
b1000010011011 s
1u
b10010011 t
1r
b11011001 q
b11111111111111111111100000011100 "
b11111111111111111111100000011100 E
b11111111111111111111100000011100 h
b11100011 i
b100000 J
b100000 g
b100000 k
b100000110100000 #
b100000110100000 F
b100000110100000 _
b10101000000 m
b101010 B
b101010 `
b101010 l
b1001001 ]
0A
b0 c
b0 C
b0 V
b0 b
0I
b0 Y
b0 K
b0 T
b0 W
1,
#3360000
09
b0 7
b0 ?
b0 X
0*
b0 (
b0 =
b0 a
0,
#3365000
0@
b0 B
b0 `
b0 l
0^
b0 ]
0j
b0 i
0H
b0 m
b0 J
b0 g
b0 k
b1010111011011 !
b1010111011011 D
b1010111011011 s
b101010 t
b100000 q
1,
#3366000
b1010010 4
b10010 3
b111001 2
b101011 1
b10000100 0
b111010 /
b1011101 .
b11001000 -
b110110 ;
#3370000
1+
0,
#3375000
b0 !
b0 D
b0 s
0u
b0 t
0r
b0 q
b0 "
b0 E
b0 h
b0 #
b0 F
b0 _
b0 $
b0 G
b0 U
1,
#3380000
18
b1111011010011000 P
b101011 6
b101011 >
b101011 O
1)
b11001000 '
b11001000 <
b11001000 N
0+
0,
#3385000
b11111111111111111111011010011000 $
b11111111111111111111011010011000 G
b11111111111111111111011010011000 U
1A
b101011 C
b101011 V
b101011 b
1I
b11001000 K
b11001000 T
b11001000 W
1,
#3390000
19
b1111001110001000 Y
b111001 7
b111001 ?
b111001 X
b10010 6
b10010 >
b10010 O
1*
b100110111110 c
b111010 (
b111010 =
b111010 a
b11010001010 P
b1011101 '
b1011101 <
b1011101 N
0,
#3395000
b100110111110 "
b100110111110 E
b100110111110 h
1j
b101011 i
1H
b110011101010 m
b111010 J
b111010 g
b111010 k
b11111111111111111111001110001000 #
b11111111111111111111001110001000 F
b11111111111111111111001110001000 _
1@
b111001 B
b111001 `
b111001 l
1^
b11001000 ]
b11111111111111111111110100100010 $
b11111111111111111111110100100010 G
b11111111111111111111110100100010 U
b10000010100 c
b10010 C
b10010 V
b10010 b
b1010010110101 Y
b1011101 K
b1011101 T
b1011101 W
1,
#3400000
b1110111001010 Y
b1010010 7
b1010010 ?
b1010010 X
08
b0 6
b0 >
b0 O
b1111011101001000 c
b10000100 (
b10000100 =
b10000100 a
0)
b0 P
b0 '
b0 <
b0 N
0,
#3405000
0A
b0 c
b0 C
b0 V
b0 b
0I
b0 Y
b0 K
b0 T
b0 W
b1000101010010 #
b1000101010010 F
b1000101010010 _
b1010010 B
b1010010 `
b1010010 l
b1011101 ]
b100000110 "
b100000110 E
b100000110 h
b10010 i
b1101100001001000 m
b10000100 J
b10000100 g
b10000100 k
b110011101010 !
b110011101010 D
b110011101010 s
1u
b111001 t
1r
b111010 q
1,
#3410000
09
b0 7
b0 ?
b0 X
0*
b0 (
b0 =
b0 a
0,
#3415000
b11111111111111111110010100110010 !
b11111111111111111110010100110010 D
b11111111111111111110010100110010 s
b1010010 t
b10000100 q
0j
b0 i
0H
b0 J
b0 g
b0 k
0@
b0 m
b0 B
b0 `
b0 l
0^
b0 ]
1,
#3416000
b0 4
b10111011 3
b10100110 2
b11011011 1
b10010111 0
b1101110 /
b11010000 .
b1011001 -
b110111 ;
#3420000
1+
0,
#3425000
b0 $
b0 G
b0 U
b0 #
b0 F
b0 _
b0 "
b0 E
b0 h
b0 !
b0 D
b0 s
0u
b0 t
0r
b0 q
1,
#3430000
18
b1111001100100011 P
b11011011 6
b11011011 >
b11011011 O
1)
b1011001 '
b1011001 <
b1011001 N
0+
0,
#3435000
b11111111111111111111001100100011 $
b11111111111111111111001100100011 G
b11111111111111111111001100100011 U
1A
b11011011 C
b11011011 V
b11011011 b
1I
b1011001 K
b1011001 T
b1011001 W
1,
#3440000
19
b1110000010110110 Y
b10100110 7
b10100110 ?
b10100110 X
b10111011 6
b10111011 >
b10111011 O
1*
b1111000000011010 c
b1101110 (
b1101110 =
b1101110 a
b110011110000 P
b11010000 '
b11010000 <
b11010000 N
0,
#3445000
b10011 $
b10011 G
b10011 U
b1110001001011010 c
b10111011 C
b10111011 V
b10111011 b
b1000011100000 Y
b11010000 K
b11010000 T
b11010000 W
b11111111111111111110000010110110 #
b11111111111111111110000010110110 F
b11111111111111111110000010110110 _
1@
b1101100101010100 m
b10100110 B
b10100110 `
b10100110 l
1^
b1011001 ]
b11111111111111111111000000011010 "
b11111111111111111111000000011010 E
b11111111111111111111000000011010 h
1j
b11011011 i
1H
b1101110 J
b1101110 g
b1101110 k
1,
#3450000
b0 Y
b0 7
b0 ?
b0 X
08
b0 6
b0 >
b0 O
b1110001001101 c
b10010111 (
b10010111 =
b10010111 a
0)
b0 P
b0 '
b0 <
b0 N
0,
#3455000
b11111111111111111101100101010100 !
b11111111111111111101100101010100 D
b11111111111111111101100101010100 s
1u
b10100110 t
1r
b1101110 q
b110001100111 "
b110001100111 E
b110001100111 h
b10111011 i
b10010111 J
b10010111 g
b10010111 k
b0 m
b0 B
b0 `
b0 l
b11010000 ]
0A
b0 c
b0 C
b0 V
b0 b
0I
b0 K
b0 T
b0 W
1,
#3460000
09
0*
b0 (
b0 =
b0 a
0,
#3465000
0@
0^
b0 ]
0j
b0 i
0H
b0 J
b0 g
b0 k
b0 t
b10010111 q
1,
#3466000
b1010001 4
b10010000 3
b11001111 2
b11000101 1
b1011001 0
b1100 /
b1101001 .
b1111 -
b111000 ;
#3470000
1+
0,
#3475000
b0 !
b0 D
b0 s
0u
0r
b0 q
b0 "
b0 E
b0 h
b0 #
b0 F
b0 _
b0 $
b0 G
b0 U
1,
#3480000
18
b1111110010001011 P
b11000101 6
b11000101 >
b11000101 O
1)
b1111 '
b1111 <
b1111 N
0+
0,
#3485000
b11111111111111111111110010001011 $
b11111111111111111111110010001011 G
b11111111111111111111110010001011 U
1A
b11000101 C
b11000101 V
b11000101 b
1I
b1111 K
b1111 T
b1111 W
1,
#3490000
19
b1111110100100001 Y
b11001111 7
b11001111 ?
b11001111 X
b10010000 6
b10010000 >
b10010000 O
1*
b1111110100111100 c
b1100 (
b1100 =
b1100 a
b1101001000010000 P
b1101001 '
b1101001 <
b1101001 N
0,
#3495000
b11111111111111111111110100111100 "
b11111111111111111111110100111100 E
b11111111111111111111110100111100 h
1j
b11000101 i
1H
b1111110110110100 m
b1100 J
b1100 g
b1100 k
b11111111111111111111110100100001 #
b11111111111111111111110100100001 F
b11111111111111111111110100100001 _
1@
b11001111 B
b11001111 `
b11001111 l
1^
b1111 ]
b11111111111111111100111010011011 $
b11111111111111111100111010011011 G
b11111111111111111100111010011011 U
b1111101011000000 c
b10010000 C
b10010000 V
b10010000 b
b1110101111100111 Y
b1101001 K
b1101001 T
b1101001 W
1,
#3500000
b10000100111001 Y
b1010001 7
b1010001 ?
b1010001 X
08
b0 6
b0 >
b0 O
b1101100100010000 c
b1011001 (
b1011001 =
b1011001 a
0)
b0 P
b0 '
b0 <
b0 N
0,
#3505000
0A
b0 c
b0 C
b0 V
b0 b
0I
b0 Y
b0 K
b0 T
b0 W
b1111001011010 #
b1111001011010 F
b1111001011010 _
b1010001 B
b1010001 `
b1010001 l
b1101001 ]
b11111111111111111101011001001100 "
b11111111111111111101011001001100 E
b11111111111111111101011001001100 h
b10010000 i
b1110000101001 m
b1011001 J
b1011001 g
b1011001 k
b11111111111111111111110110110100 !
b11111111111111111111110110110100 D
b11111111111111111111110110110100 s
1u
b11001111 t
1r
b1100 q
1,
#3510000
09
b0 7
b0 ?
b0 X
0*
b0 (
b0 =
b0 a
0,
#3515000
b1100111011101 !
b1100111011101 D
b1100111011101 s
b1010001 t
b1011001 q
0j
b0 i
0H
b0 J
b0 g
b0 k
0@
b0 m
b0 B
b0 `
b0 l
0^
b0 ]
1,
#3516000
b10110111 4
b10111000 3
b11000100 2
b10011011 1
b11011000 0
b1001010 /
b1110111 .
b1101001 -
b111001 ;
#3520000
1+
0,
#3525000
b0 $
b0 G
b0 U
b0 #
b0 F
b0 _
b0 "
b0 E
b0 h
b0 !
b0 D
b0 s
0u
b0 t
0r
b0 q
1,
#3530000
18
b1101011010010011 P
b10011011 6
b10011011 >
b10011011 O
1)
b1101001 '
b1101001 <
b1101001 N
0+
0,
#3535000
b11111111111111111101011010010011 $
b11111111111111111101011010010011 G
b11111111111111111101011010010011 U
1A
b10011011 C
b10011011 V
b10011011 b
1I
b1101001 K
b1101001 T
b1101001 W
1,
#3540000
19
b1110011101100100 Y
b11000100 7
b11000100 ?
b11000100 X
b10111000 6
b10111000 >
b10111000 O
1*
b1110001011001110 c
b1001010 (
b1001010 =
b1001010 a
b1101111010001000 P
b1110111 '
b1110111 <
b1110111 N
0,
#3545000
b11111111111111111011010100011011 $
b11111111111111111011010100011011 G
b11111111111111111011010100011011 U
b1110101100110000 c
b10111000 C
b10111000 V
b10111000 b
b1110010000011100 Y
b1110111 K
b1110111 T
b1110111 W
b11111111111111111110011101100100 #
b11111111111111111110011101100100 F
b11111111111111111110011101100100 _
1@
b1110111010101000 m
b11000100 B
b11000100 `
b11000100 l
1^
b1101001 ]
b11111111111111111110001011001110 "
b11111111111111111110001011001110 E
b11111111111111111110001011001110 h
1j
b10011011 i
1H
b1001010 J
b1001010 g
b1001010 k
1,
#3550000
b1101111000010001 Y
b10110111 7
b10110111 ?
b10110111 X
08
b0 6
b0 >
b0 O
b101101000000 c
b11011000 (
b11011000 =
b11011000 a
0)
b0 P
b0 '
b0 <
b0 N
0,
#3555000
b11111111111111111110111010101000 !
b11111111111111111110111010101000 D
b11111111111111111110111010101000 s
1u
b11000100 t
1r
b1001010 q
b11111111111111111110111000001110 "
b11111111111111111110111000001110 E
b11111111111111111110111000001110 h
b10111000 i
b11011000 J
b11011000 g
b11011000 k
b11111111111111111100010101110101 #
b11111111111111111100010101110101 F
b11111111111111111100010101110101 _
b101101101000 m
b10110111 B
b10110111 `
b10110111 l
b1110111 ]
0A
b0 c
b0 C
b0 V
b0 b
0I
b0 Y
b0 K
b0 T
b0 W
1,
#3560000
09
b0 7
b0 ?
b0 X
0*
b0 (
b0 =
b0 a
0,
#3565000
0@
b0 B
b0 `
b0 l
0^
b0 ]
0j
b0 i
0H
b0 m
b0 J
b0 g
b0 k
b11111111111111111111101000010000 !
b11111111111111111111101000010000 D
b11111111111111111111101000010000 s
b10110111 t
b11011000 q
1,
#3566000
b11101001 4
b1110110 3
b111 2
b11010100 1
b10110101 0
b1110111 /
b110000 .
b10000110 -
b111010 ;
#3570000
1+
0,
#3575000
b0 !
b0 D
b0 s
0u
b0 t
0r
b0 q
b0 "
b0 E
b0 h
b0 #
b0 F
b0 _
b0 $
b0 G
b0 U
1,
#3580000
18
b1010011111000 P
b11010100 6
b11010100 >
b11010100 O
1)
b10000110 '
b10000110 <
b10000110 N
0+
0,
#3585000
b1010011111000 $
b1010011111000 G
b1010011111000 U
1A
b11010100 C
b11010100 V
b11010100 b
1I
b10000110 K
b10000110 T
b10000110 W
1,
#3590000
19
b1111110010101010 Y
b111 7
b111 ?
b111 X
b1110110 6
b1110110 >
b1110110 O
1*
b1110101110001100 c
b1110111 (
b1110111 =
b1110111 a
b1011000100000 P
b110000 '
b110000 <
b110000 N
0,
#3595000
b11111111111111111110101110001100 "
b11111111111111111110101110001100 E
b11111111111111111110101110001100 h
1j
b11010100 i
1H
b1101000001 m
b1110111 J
b1110111 g
b1110111 k
b11111111111111111111110010101010 #
b11111111111111111111110010101010 F
b11111111111111111111110010101010 _
1@
b111 B
b111 `
b111 l
1^
b10000110 ]
b10101100011000 $
b10101100011000 G
b10101100011000 U
b11011011011010 c
b1110110 C
b1110110 V
b1110110 b
b101010000 Y
b110000 K
b110000 T
b110000 W
1,
#3600000
b1111101110110000 Y
b11101001 7
b11101001 ?
b11101001 X
08
b0 6
b0 >
b0 O
b1101110101101110 c
b10110101 (
b10110101 =
b10110101 a
0)
b0 P
b0 '
b0 <
b0 N
0,
#3605000
0A
b0 c
b0 C
b0 V
b0 b
0I
b0 Y
b0 K
b0 T
b0 W
b11111111111111111111100001011010 #
b11111111111111111111100001011010 F
b11111111111111111111100001011010 _
b11101001 B
b11101001 `
b11101001 l
b110000 ]
b11111111111111111100100011111010 "
b11111111111111111100100011111010 E
b11111111111111111100100011111010 h
b1110110 i
b11010111101 m
b10110101 J
b10110101 g
b10110101 k
b1101000001 !
b1101000001 D
b1101000001 s
1u
b111 t
1r
b1110111 q
1,
#3610000
09
b0 7
b0 ?
b0 X
0*
b0 (
b0 =
b0 a
0,
#3615000
b100111111110 !
b100111111110 D
b100111111110 s
b11101001 t
b10110101 q
0j
b0 i
0H
b0 J
b0 g
b0 k
0@
b0 m
b0 B
b0 `
b0 l
0^
b0 ]
1,
#3616000
b10101111 4
b110000 3
b11000101 2
b11000010 1
b10000000 0
b11011011 /
b1 .
b10001011 -
b111011 ;
#3620000
1+
0,
#3625000
b0 $
b0 G
b0 U
b0 #
b0 F
b0 _
b0 "
b0 E
b0 h
b0 !
b0 D
b0 s
0u
b0 t
0r
b0 q
1,
#3630000
18
b1110001010110 P
b11000010 6
b11000010 >
b11000010 O
1)
b10001011 '
b10001011 <
b10001011 N
0+
0,
#3635000
b1110001010110 $
b1110001010110 G
b1110001010110 U
1A
b11000010 C
b11000010 V
b11000010 b
1I
b10001011 K
b10001011 T
b10001011 W
1,
#3640000
19
b1101011110111 Y
b11000101 7
b11000101 ?
b11000101 X
b110000 6
b110000 >
b110000 O
1*
b100011110110 c
b11011011 (
b11011011 =
b11011011 a
b110000 P
b1 '
b1 <
b1 N
0,
#3645000
b1110010000110 $
b1110010000110 G
b1110010000110 U
b1111100100010000 c
b110000 C
b110000 V
b110000 b
b1111111111000101 Y
b1 K
b1 T
b1 W
b1101011110111 #
b1101011110111 F
b1101011110111 _
1@
b100010000111 m
b11000101 B
b11000101 `
b11000101 l
1^
b10001011 ]
b100011110110 "
b100011110110 E
b100011110110 h
1j
b11000010 i
1H
b11011011 J
b11011011 g
b11011011 k
1,
#3650000
b1111111110101111 Y
b10101111 7
b10101111 ?
b10101111 X
08
b0 6
b0 >
b0 O
b1110100000000000 c
b10000000 (
b10000000 =
b10000000 a
0)
b0 P
b0 '
b0 <
b0 N
0,
#3655000
b100010000111 !
b100010000111 D
b100010000111 s
1u
b11000101 t
1r
b11011011 q
b11111111111111111111000011110110 "
b11111111111111111111000011110110 E
b11111111111111111111000011110110 h
b110000 i
b10000000 J
b10000000 g
b10000000 k
b1101010100110 #
b1101010100110 F
b1101010100110 _
b10100010000000 m
b10101111 B
b10101111 `
b10101111 l
b1 ]
0A
b0 c
b0 C
b0 V
b0 b
0I
b0 Y
b0 K
b0 T
b0 W
1,
#3660000
09
b0 7
b0 ?
b0 X
0*
b0 (
b0 =
b0 a
0,
#3665000
0@
b0 B
b0 `
b0 l
0^
b0 ]
0j
b0 i
0H
b0 m
b0 J
b0 g
b0 k
b11000100000111 !
b11000100000111 D
b11000100000111 s
b10101111 t
b10000000 q
1,
#3666000
b10010101 4
b11100001 3
b11101111 2
b110 1
b11111000 0
b11101001 /
b10101111 .
b1100110 -
b111100 ;
#3670000
1+
0,
#3675000
b0 !
b0 D
b0 s
0u
b0 t
0r
b0 q
b0 "
b0 E
b0 h
b0 #
b0 F
b0 _
b0 $
b0 G
b0 U
1,
#3680000
18
b1001100100 P
b110 6
b110 >
b110 O
1)
b1100110 '
b1100110 <
b1100110 N
0+
0,
#3685000
b1001100100 $
b1001100100 G
b1001100100 U
1A
b110 C
b110 V
b110 b
1I
b1100110 K
b1100110 T
b1100110 W
1,
#3690000
19
b1111100100111010 Y
b11101111 7
b11101111 ?
b11101111 X
b11100001 6
b11100001 >
b11100001 O
1*
b1111111101110110 c
b11101001 (
b11101001 =
b11101001 a
b100111001111 P
b10101111 '
b10101111 <
b10101111 N
0,
#3695000
b11111111111111111111111101110110 "
b11111111111111111111111101110110 E
b11111111111111111111111101110110 h
1j
b110 i
1H
b110000111 m
b11101001 J
b11101001 g
b11101001 k
b11111111111111111111100100111010 #
b11111111111111111111100100111010 F
b11111111111111111111100100111010 _
1@
b11101111 B
b11101111 `
b11101111 l
1^
b1100110 ]
b110000110011 $
b110000110011 G
b110000110011 U
b1011001001 c
b11100001 C
b11100001 V
b11100001 b
b10101100001 Y
b10101111 K
b10101111 T
b10101111 W
1,
#3700000
b10000111011011 Y
b10010101 7
b10010101 ?
b10010101 X
08
b0 6
b0 >
b0 O
b11111000 c
b11111000 (
b11111000 =
b11111000 a
0)
b0 P
b0 '
b0 <
b0 N
0,
#3705000
0A
b0 c
b0 C
b0 V
b0 b
0I
b0 Y
b0 K
b0 T
b0 W
b1101100010101 #
b1101100010101 F
b1101100010101 _
b10010101 B
b10010101 `
b10010101 l
b10101111 ]
b1101110 "
b1101110 E
b1101110 h
b11100001 i
b1101011000 m
b11111000 J
b11111000 g
b11111000 k
b110000111 !
b110000111 D
b110000111 s
1u
b11101111 t
1r
b11101001 q
1,
#3710000
09
b0 7
b0 ?
b0 X
0*
b0 (
b0 =
b0 a
0,
#3715000
b10011011111 !
b10011011111 D
b10011011111 s
b10010101 t
b11111000 q
0j
b0 i
0H
b0 J
b0 g
b0 k
0@
b0 m
b0 B
b0 `
b0 l
0^
b0 ]
1,
#3716000
b1110111 4
b101001 2
b1100100 1
b101000 0
b11100101 /
b1100000 .
b11101110 -
b111101 ;
#3720000
1+
0,
#3725000
b0 $
b0 G
b0 U
b0 #
b0 F
b0 _
b0 "
b0 E
b0 h
b0 !
b0 D
b0 s
0u
b0 t
0r
b0 q
1,
#3730000
18
b1111100011111000 P
b1100100 6
b1100100 >
b1100100 O
1)
b11101110 '
b11101110 <
b11101110 N
0+
0,
#3735000
b11111111111111111111100011111000 $
b11111111111111111111100011111000 G
b11111111111111111111100011111000 U
1A
b1100100 C
b1100100 V
b1100100 b
1I
b11101110 K
b11101110 T
b11101110 W
1,
#3740000
19
b1111110100011110 Y
b101001 7
b101001 ?
b101001 X
b11100001 6
b11100001 >
b11100001 O
1*
b1111010101110100 c
b11100101 (
b11100101 =
b11100101 a
b1111010001100000 P
b1100000 '
b1100000 <
b1100000 N
0,
#3745000
b11111111111111111110110101011000 $
b11111111111111111110110101011000 G
b11111111111111111110110101011000 U
b1101000101 c
b11100001 C
b11100001 V
b11100001 b
b111101100000 Y
b1100000 K
b1100000 T
b1100000 W
b11111111111111111111110100011110 #
b11111111111111111111110100011110 F
b11111111111111111111110100011110 _
1@
b1111101110101101 m
b101001 B
b101001 `
b101001 l
1^
b11101110 ]
b11111111111111111111010101110100 "
b11111111111111111111010101110100 E
b11111111111111111111010101110100 h
1j
b1100100 i
1H
b11100101 J
b11100101 g
b11100101 k
1,
#3750000
b10110010100000 Y
b1110111 7
b1110111 ?
b1110111 X
08
b0 6
b0 >
b0 O
b1111101100101000 c
b101000 (
b101000 =
b101000 a
0)
b0 P
b0 '
b0 <
b0 N
0,
#3755000
b11111111111111111111101110101101 !
b11111111111111111111101110101101 D
b11111111111111111111101110101101 s
1u
b101001 t
1r
b11100101 q
b11111111111111111111000010011100 "
b11111111111111111111000010011100 E
b11111111111111111111000010011100 h
b11100001 i
b101000 J
b101000 g
b101000 k
b10100110111110 #
b10100110111110 F
b10100110111110 _
b1001010011000 m
b1110111 B
b1110111 `
b1110111 l
b1100000 ]
0A
b0 c
b0 C
b0 V
b0 b
0I
b0 Y
b0 K
b0 T
b0 W
1,
#3760000
09
b0 7
b0 ?
b0 X
0*
b0 (
b0 =
b0 a
0,
#3765000
0@
b0 B
b0 `
b0 l
0^
b0 ]
0j
b0 i
0H
b0 m
b0 J
b0 g
b0 k
b111001000101 !
b111001000101 D
b111001000101 s
b1110111 t
b101000 q
1,
#3766000
b11110001 4
b1111 3
b10101010 2
b11110000 1
b1101000 0
b11010101 /
b10000001 .
b1101110 -
b111110 ;
#3770000
1+
0,
#3775000
b0 !
b0 D
b0 s
0u
b0 t
0r
b0 q
b0 "
b0 E
b0 h
b0 #
b0 F
b0 _
b0 $
b0 G
b0 U
1,
#3780000
18
b1111100100100000 P
b11110000 6
b11110000 >
b11110000 O
1)
b1101110 '
b1101110 <
b1101110 N
0+
0,
#3785000
b11111111111111111111100100100000 $
b11111111111111111111100100100000 G
b11111111111111111111100100100000 U
1A
b11110000 C
b11110000 V
b11110000 b
1I
b1101110 K
b1101110 T
b1101110 W
1,
#3790000
19
b1101101100001100 Y
b10101010 7
b10101010 ?
b10101010 X
b1111 6
b1111 >
b1111 O
1*
b1010110000 c
b11010101 (
b11010101 =
b11010101 a
b1111100010001111 P
b10000001 '
b10000001 <
b10000001 N
0,
#3795000
b1010110000 "
b1010110000 E
b1010110000 h
1j
b11110000 i
1H
b111001110010 m
b11010101 J
b11010101 g
b11010101 k
b11111111111111111101101100001100 #
b11111111111111111101101100001100 F
b11111111111111111101101100001100 _
1@
b10101010 B
b10101010 `
b10101010 l
1^
b1101110 ]
b11111111111111111111000110101111 $
b11111111111111111111000110101111 G
b11111111111111111111000110101111 U
b1111110101111011 c
b1111 C
b1111 V
b1111 b
b10101010101010 Y
b10000001 K
b10000001 T
b10000001 W
1,
#3800000
b11101110001 Y
b11110001 7
b11110001 ?
b11110001 X
08
b0 6
b0 >
b0 O
b11000011000 c
b1101000 (
b1101000 =
b1101000 a
0)
b0 P
b0 '
b0 <
b0 N
0,
#3805000
0A
b0 c
b0 C
b0 V
b0 b
0I
b0 Y
b0 K
b0 T
b0 W
b11111111111111111110001001111101 #
b11111111111111111110001001111101 F
b11111111111111111110001001111101 _
b11110001 B
b11110001 `
b11110001 l
b10000001 ]
b100011001000 "
b100011001000 E
b100011001000 h
b1111 i
b1111100111101000 m
b1101000 J
b1101000 g
b1101000 k
b111001110010 !
b111001110010 D
b111001110010 s
1u
b10101010 t
1r
b11010101 q
1,
#3810000
09
b0 7
b0 ?
b0 X
0*
b0 (
b0 =
b0 a
0,
#3815000
b100001011010 !
b100001011010 D
b100001011010 s
b11110001 t
b1101000 q
0j
b0 i
0H
b0 J
b0 g
b0 k
0@
b0 m
b0 B
b0 `
b0 l
0^
b0 ]
1,
#3816000
b10101111 4
b1011011 3
b11101111 2
b10101001 1
b111100 0
b11100010 /
b10001110 .
b1111101 -
b111111 ;
#3820000
1+
0,
#3825000
b0 $
b0 G
b0 U
b0 #
b0 F
b0 _
b0 "
b0 E
b0 h
b0 !
b0 D
b0 s
0u
b0 t
0r
b0 q
1,
#3830000
18
b1101010110000101 P
b10101001 6
b10101001 >
b10101001 O
1)
b1111101 '
b1111101 <
b1111101 N
0+
0,
#3835000
b11111111111111111101010110000101 $
b11111111111111111101010110000101 G
b11111111111111111101010110000101 U
1A
b10101001 C
b10101001 V
b10101001 b
1I
b1111101 K
b1111101 T
b1111101 W
1,
#3840000
19
b1111011110110011 Y
b11101111 7
b11101111 ?
b11101111 X
b1011011 6
b1011011 >
b1011011 O
1*
b101000110010 c
b11100010 (
b11100010 =
b11100010 a
b1101011101111010 P
b10001110 '
b10001110 <
b10001110 N
0,
#3845000
b11111111111111111010110011111111 $
b11111111111111111010110011111111 G
b11111111111111111010110011111111 U
b1111010101010110 c
b1011011 C
b1011011 V
b1011011 b
b11110010010 Y
b10001110 K
b10001110 T
b10001110 W
b11111111111111111111011110110011 #
b11111111111111111111011110110011 F
b11111111111111111111011110110011 _
1@
b111111110 m
b11101111 B
b11101111 `
b11101111 l
1^
b1111101 ]
b101000110010 "
b101000110010 E
b101000110010 h
1j
b10101001 i
1H
b11100010 J
b11100010 g
b11100010 k
1,
#3850000
b10010000010010 Y
b10101111 7
b10101111 ?
b10101111 X
08
b0 6
b0 >
b0 O
b1010101010100 c
b111100 (
b111100 =
b111100 a
0)
b0 P
b0 '
b0 <
b0 N
0,
#3855000
b111111110 !
b111111110 D
b111111110 s
1u
b11101111 t
1r
b11100010 q
b1111110000110 "
b1111110000110 E
b1111110000110 h
b1011011 i
b111100 J
b111100 g
b111100 k
b1101111000101 #
b1101111000101 F
b1101111000101 _
b1110110100000100 m
b10101111 B
b10101111 `
b10101111 l
b10001110 ]
0A
b0 c
b0 C
b0 V
b0 b
0I
b0 Y
b0 K
b0 T
b0 W
1,
#3860000
09
b0 7
b0 ?
b0 X
0*
b0 (
b0 =
b0 a
0,
#3865000
0@
b0 B
b0 `
b0 l
0^
b0 ]
0j
b0 i
0H
b0 m
b0 J
b0 g
b0 k
b11111111111111111110111100000010 !
b11111111111111111110111100000010 D
b11111111111111111110111100000010 s
b10101111 t
b111100 q
1,
#3866000
b10011001 4
b10110111 3
b1010001 2
b1100101 1
b10011 0
b10011 /
b10111001 .
b1001010 -
b1000000 ;
#3870000
1+
0,
#3875000
b0 !
b0 D
b0 s
0u
b0 t
0r
b0 q
b0 "
b0 E
b0 h
b0 #
b0 F
b0 _
b0 $
b0 G
b0 U
1,
#3880000
18
b1110100110010 P
b1100101 6
b1100101 >
b1100101 O
1)
b1001010 '
b1001010 <
b1001010 N
0+
0,
#3885000
b1110100110010 $
b1110100110010 G
b1110100110010 U
1A
b1100101 C
b1100101 V
b1100101 b
1I
b1001010 K
b1001010 T
b1001010 W
1,
#3890000
19
b1011101101010 Y
b1010001 7
b1010001 ?
b1010001 X
b10110111 6
b10110111 >
b10110111 O
1*
b11101111111 c
b10011 (
b10011 =
b10011 a
b1010000111111 P
b10111001 '
b10111001 <
b10111001 N
0,
#3895000
b11101111111 "
b11101111111 E
b11101111111 h
1j
b1100101 i
1H
b11000000011 m
b10011 J
b10011 g
b10011 k
b1011101101010 #
b1011101101010 F
b1011101101010 _
1@
b1010001 B
b1010001 `
b1010001 l
1^
b1001010 ]
b11000101110001 $
b11000101110001 G
b11000101110001 U
b1111101010010101 c
b10110111 C
b10110111 V
b10110111 b
b1110100110001001 Y
b10111001 K
b10111001 T
b10111001 W
1,
#3900000
b1110010010001 Y
b10011001 7
b10011001 ?
b10011001 X
08
b0 6
b0 >
b0 O
0)
b0 P
b0 '
b0 <
b0 N
0,
#3905000
0A
b0 c
b0 C
b0 V
b0 b
0I
b0 Y
b0 K
b0 T
b0 W
b11001111111011 #
b11001111111011 F
b11001111111011 _
b1111100001011011 m
b10011001 B
b10011001 `
b10011001 l
b10111001 ]
b1000010100 "
b1000010100 E
b1000010100 h
b10110111 i
b11000000011 !
b11000000011 D
b11000000011 s
1u
b1010001 t
1r
b10011 q
1,
#3910000
09
b0 7
b0 ?
b0 X
0*
b0 (
b0 =
b0 a
0,
#3915000
b11111111111111111111111001011110 !
b11111111111111111111111001011110 D
b11111111111111111111111001011110 s
b10011001 t
0j
b0 i
0H
b0 J
b0 g
b0 k
0@
b0 m
b0 B
b0 `
b0 l
0^
b0 ]
1,
#3916000
b11100101 4
b1011001 3
b1111101 2
b101010 1
b11100100 0
b1100010 /
b1110001 .
b111010 -
b1000001 ;
#3920000
1+
0,
#3925000
b0 $
b0 G
b0 U
b0 #
b0 F
b0 _
b0 "
b0 E
b0 h
b0 !
b0 D
b0 s
0u
b0 t
0r
b0 q
1,
#3930000
18
b100110000100 P
b101010 6
b101010 >
b101010 O
1)
b111010 '
b111010 <
b111010 N
0+
0,
#3935000
b100110000100 $
b100110000100 G
b100110000100 U
1A
b101010 C
b101010 V
b101010 b
1I
b111010 K
b111010 T
b111010 W
1,
#3940000
19
b1110001010010 Y
b1111101 7
b1111101 ?
b1111101 X
b1011001 6
b1011001 >
b1011001 O
1*
b1000000010100 c
b1100010 (
b1100010 =
b1100010 a
b10011101001001 P
b1110001 '
b1110001 <
b1110001 N
0,
#3945000
b11000011001101 $
b11000011001101 G
b11000011001101 U
b10001000010010 c
b1011001 C
b1011001 V
b1011001 b
b11011100101101 Y
b1110001 K
b1110001 T
b1110001 W
b1110001010010 #
b1110001010010 F
b1110001010010 _
1@
b10111111011010 m
b1111101 B
b1111101 `
b1111101 l
1^
b111010 ]
b1000000010100 "
b1000000010100 E
b1000000010100 h
1j
b101010 i
1H
b1100010 J
b1100010 g
b1100010 k
1,
#3950000
b1111010000010101 Y
b11100101 7
b11100101 ?
b11100101 X
08
b0 6
b0 >
b0 O
b1111011001000100 c
b11100100 (
b11100100 =
b11100100 a
0)
b0 P
b0 '
b0 <
b0 N
0,
#3955000
b10111111011010 !
b10111111011010 D
b10111111011010 s
1u
b1111101 t
1r
b1100010 q
b11001011000 "
b11001011000 E
b11001011000 h
b1011001 i
b11100100 J
b11100100 g
b11100100 k
b1000001100111 #
b1000001100111 F
b1000001100111 _
b1011110100 m
b11100101 B
b11100101 `
b11100101 l
b1110001 ]
0A
b0 c
b0 C
b0 V
b0 b
0I
b0 Y
b0 K
b0 T
b0 W
1,
#3960000
09
b0 7
b0 ?
b0 X
0*
b0 (
b0 =
b0 a
0,
#3965000
0@
b0 B
b0 `
b0 l
0^
b0 ]
0j
b0 i
0H
b0 m
b0 J
b0 g
b0 k
b11001011001110 !
b11001011001110 D
b11001011001110 s
b11100101 t
b11100100 q
1,
#3966000
b110 4
b1110000 3
b11001101 2
b11011011 1
b10101111 0
b1000001 /
b11001001 .
b11101101 -
b1000010 ;
#3970000
1+
0,
#3975000
b0 !
b0 D
b0 s
0u
b0 t
0r
b0 q
b0 "
b0 E
b0 h
b0 #
b0 F
b0 _
b0 $
b0 G
b0 U
1,
#3980000
18
b1010111111 P
b11011011 6
b11011011 >
b11011011 O
1)
b11101101 '
b11101101 <
b11101101 N
0+
0,
#3985000
b1010111111 $
b1010111111 G
b1010111111 U
1A
b11011011 C
b11011011 V
b11011011 b
1I
b11101101 K
b11101101 T
b11101101 W
1,
#3990000
19
b1111001001 Y
b11001101 7
b11001101 ?
b11001101 X
b1110000 6
b1110000 >
b1110000 O
1*
b1111011010011011 c
b1000001 (
b1000001 =
b1000001 a
b1110011111110000 P
b11001001 '
b11001001 <
b11001001 N
0,
#3995000
b11111111111111111111011010011011 "
b11111111111111111111011010011011 E
b11111111111111111111011010011011 h
1j
b11011011 i
1H
b1111001100001101 m
b1000001 J
b1000001 g
b1000001 k
b1111001001 #
b1111001001 F
b1111001001 _
1@
b11001101 B
b11001101 `
b11001101 l
1^
b11101101 ]
b11111111111111111110101010101111 $
b11111111111111111110101010101111 G
b11111111111111111110101010101111 U
b1110001110000 c
b1110000 C
b1110000 V
b1110000 b
b101011110101 Y
b11001001 K
b11001001 T
b11001001 W
1,
#4000000
b1111111010110110 Y
b110 7
b110 ?
b110 X
08
b0 6
b0 >
b0 O
b1101110010010000 c
b10101111 (
b10101111 =
b10101111 a
0)
b0 P
b0 '
b0 <
b0 N
0,
#4005000
0A
b0 c
b0 C
b0 V
b0 b
0I
b0 Y
b0 K
b0 T
b0 W
b1001111111 #
b1001111111 F
b1001111111 _
b110 B
b110 `
b110 l
b11001001 ]
b11111111111111111101001100101011 "
b11111111111111111101001100101011 E
b11111111111111111101001100101011 h
b1110000 i
b1111111000011010 m
b10101111 J
b10101111 g
b10101111 k
b11111111111111111111001100001101 !
b11111111111111111111001100001101 D
b11111111111111111111001100001101 s
1u
b11001101 t
1r
b1000001 q
1,
#4010000
09
b0 7
b0 ?
b0 X
0*
b0 (
b0 =
b0 a
0,
#4015000
b11111111111111111111000100100111 !
b11111111111111111111000100100111 D
b11111111111111111111000100100111 s
b110 t
b10101111 q
0j
b0 i
0H
b0 J
b0 g
b0 k
0@
b0 m
b0 B
b0 `
b0 l
0^
b0 ]
1,
#4016000
b1111000 4
b100101 3
b1111011 2
b1010000 1
b11011100 0
b1101010 /
b10111101 .
b10100010 -
b1000011 ;
#4020000
1+
0,
#4025000
b0 $
b0 G
b0 U
b0 #
b0 F
b0 _
b0 "
b0 E
b0 h
b0 !
b0 D
b0 s
0u
b0 t
0r
b0 q
1,
#4030000
18
b1110001010100000 P
b1010000 6
b1010000 >
b1010000 O
1)
b10100010 '
b10100010 <
b10100010 N
0+
0,
#4035000
b11111111111111111110001010100000 $
b11111111111111111110001010100000 G
b11111111111111111110001010100000 U
1A
b1010000 C
b1010000 V
b1010000 b
1I
b10100010 K
b10100010 T
b10100010 W
1,
#4040000
19
b1101001011010110 Y
b1111011 7
b1111011 ?
b1111011 X
b100101 6
b100101 >
b100101 O
1*
b10000100100000 c
b1101010 (
b1101010 =
b1101010 a
b1111011001010001 P
b10111101 '
b10111101 <
b10111101 N
0,
#4045000
b11111111111111111101100011110001 $
b11111111111111111101100011110001 G
b11111111111111111101100011110001 U
b111101010010 c
b100101 C
b100101 V
b100101 b
b1101111111001111 Y
b10111101 K
b10111101 T
b10111101 W
b11111111111111111101001011010110 #
b11111111111111111101001011010110 F
b11111111111111111101001011010110 _
1@
b11001011101110 m
b1111011 B
b1111011 `
b1111011 l
1^
b10100010 ]
b10000100100000 "
b10000100100000 E
b10000100100000 h
1j
b1010000 i
1H
b1101010 J
b1101010 g
b1101010 k
1,
#4050000
b1110000010011000 Y
b1111000 7
b1111000 ?
b1111000 X
08
b0 6
b0 >
b0 O
b1111101011001100 c
b11011100 (
b11011100 =
b11011100 a
0)
b0 P
b0 '
b0 <
b0 N
0,
#4055000
b11001011101110 !
b11001011101110 D
b11001011101110 s
1u
b1111011 t
1r
b1101010 q
b1101111101100 "
b1101111101100 E
b1101111101100 h
b100101 i
b11011100 J
b11011100 g
b11011100 k
b11111111111111111011001101101110 #
b11111111111111111011001101101110 F
b11111111111111111011001101101110 _
b1110111100100000 m
b1111000 B
b1111000 `
b1111000 l
b10111101 ]
0A
b0 c
b0 C
b0 V
b0 b
0I
b0 Y
b0 K
b0 T
b0 W
1,
#4060000
09
b0 7
b0 ?
b0 X
0*
b0 (
b0 =
b0 a
0,
#4065000
0@
b0 B
b0 `
b0 l
0^
b0 ]
0j
b0 i
0H
b0 m
b0 J
b0 g
b0 k
b10001000001110 !
b10001000001110 D
b10001000001110 s
b1111000 t
b11011100 q
1,
#4066000
b1110011 4
b1110 3
b10111011 2
b11001000 1
b1111001 0
b100011 /
b1011100 .
b11110110 -
b1000100 ;
#4070000
1+
0,
#4075000
b0 !
b0 D
b0 s
0u
b0 t
0r
b0 q
b0 "
b0 E
b0 h
b0 #
b0 F
b0 _
b0 $
b0 G
b0 U
1,
#4080000
18
b1000110000 P
b11001000 6
b11001000 >
b11001000 O
1)
b11110110 '
b11110110 <
b11110110 N
0+
0,
#4085000
b1000110000 $
b1000110000 G
b1000110000 U
1A
b11001000 C
b11001000 V
b11001000 b
1I
b11110110 K
b11110110 T
b11110110 W
1,
#4090000
19
b1010110010 Y
b10111011 7
b10111011 ?
b10111011 X
b1110 6
b1110 >
b1110 O
1*
b1111100001011000 c
b100011 (
b100011 =
b100011 a
b10100001000 P
b1011100 '
b1011100 <
b1011100 N
0,
#4095000
b11111111111111111111100001011000 "
b11111111111111111111100001011000 E
b11111111111111111111100001011000 h
1j
b11001000 i
1H
b1111011010010001 m
b100011 J
b100011 g
b100011 k
b1010110010 #
b1010110010 F
b1010110010 _
1@
b10111011 B
b10111011 `
b10111011 l
1^
b11110110 ]
b11100111000 $
b11100111000 G
b11100111000 U
b111101010 c
b1110 C
b1110 V
b1110 b
b1110011100110100 Y
b1011100 K
b1011100 T
b1011100 W
1,
#4100000
b10100101010100 Y
b1110011 7
b1110011 ?
b1110011 X
08
b0 6
b0 >
b0 O
b11010011110 c
b1111001 (
b1111001 =
b1111001 a
0)
b0 P
b0 '
b0 <
b0 N
0,
#4105000
0A
b0 c
b0 C
b0 V
b0 b
0I
b0 Y
b0 K
b0 T
b0 W
b10110000000110 #
b10110000000110 F
b10110000000110 _
b1110011 B
b1110011 `
b1110011 l
b1011100 ]
b11111111111111111111111011110110 "
b11111111111111111111111011110110 E
b11111111111111111111111011110110 h
b1110 i
b11011001011011 m
b1111001 J
b1111001 g
b1111001 k
b11111111111111111111011010010001 !
b11111111111111111111011010010001 D
b11111111111111111111011010010001 s
1u
b10111011 t
1r
b100011 q
1,
#4110000
09
b0 7
b0 ?
b0 X
0*
b0 (
b0 =
b0 a
0,
#4115000
b10110011101100 !
b10110011101100 D
b10110011101100 s
b1110011 t
b1111001 q
0j
b0 i
0H
b0 J
b0 g
b0 k
0@
b0 m
b0 B
b0 `
b0 l
0^
b0 ]
1,
#4116000
b1110101 4
b11110100 3
b10110011 2
b10111001 1
b1011001 0
b11010100 /
b11001110 .
b1100 -
b1000101 ;
#4120000
1+
0,
#4125000
b0 $
b0 G
b0 U
b0 #
b0 F
b0 _
b0 "
b0 E
b0 h
b0 !
b0 D
b0 s
0u
b0 t
0r
b0 q
1,
#4130000
18
b1111110010101100 P
b10111001 6
b10111001 >
b10111001 O
1)
b1100 '
b1100 <
b1100 N
0+
0,
#4135000
b11111111111111111111110010101100 $
b11111111111111111111110010101100 G
b11111111111111111111110010101100 U
1A
b10111001 C
b10111001 V
b10111001 b
1I
b1100 K
b1100 T
b1100 W
1,
#4140000
19
b1111110001100100 Y
b10110011 7
b10110011 ?
b10110011 X
b11110100 6
b11110100 >
b11110100 O
1*
b110000110100 c
b11010100 (
b11010100 =
b11010100 a
b1001011000 P
b11001110 '
b11001110 <
b11001110 N
0,
#4145000
b11111111111111111111111100000100 $
b11111111111111111111111100000100 G
b11111111111111111111111100000100 U
b1000010000 c
b11110100 C
b11110100 V
b11110100 b
b111100001010 Y
b11001110 K
b11001110 T
b11001110 W
b11111111111111111111110001100100 #
b11111111111111111111110001100100 F
b11111111111111111111110001100100 _
1@
b110100111100 m
b10110011 B
b10110011 `
b10110011 l
1^
b1100 ]
b110000110100 "
b110000110100 E
b110000110100 h
1j
b10111001 i
1H
b11010100 J
b11010100 g
b11010100 k
1,
#4150000
b1110100100100110 Y
b1110101 7
b1110101 ?
b1110101 X
08
b0 6
b0 >
b0 O
b1111101111010100 c
b1011001 (
b1011001 =
b1011001 a
0)
b0 P
b0 '
b0 <
b0 N
0,
#4155000
b110100111100 !
b110100111100 D
b110100111100 s
1u
b10110011 t
1r
b11010100 q
b100000001000 "
b100000001000 E
b100000001000 h
b11110100 i
b1011001 J
b1011001 g
b1011001 k
b11111111111111111110010110001010 #
b11111111111111111110010110001010 F
b11111111111111111110010110001010 _
b10100010101101 m
b1110101 B
b1110101 `
b1110101 l
b11001110 ]
0A
b0 c
b0 C
b0 V
b0 b
0I
b0 Y
b0 K
b0 T
b0 W
1,
#4160000
09
b0 7
b0 ?
b0 X
0*
b0 (
b0 =
b0 a
0,
#4165000
0@
b0 B
b0 `
b0 l
0^
b0 ]
0j
b0 i
0H
b0 m
b0 J
b0 g
b0 k
b11010111101001 !
b11010111101001 D
b11010111101001 s
b1110101 t
b1011001 q
1,
#4166000
b10111000 4
b10 3
b1001110 2
b101 1
b10101 0
b10 /
b111001 .
b1000110 ;
#4170000
1+
0,
#4175000
b0 !
b0 D
b0 s
0u
b0 t
0r
b0 q
b0 "
b0 E
b0 h
b0 #
b0 F
b0 _
b0 $
b0 G
b0 U
1,
#4180000
18
b111100 P
b101 6
b101 >
b101 O
1)
b1100 '
b1100 <
b1100 N
0+
0,
#4185000
b111100 $
b111100 G
b111100 U
1A
b101 C
b101 V
b101 b
1I
b1100 K
b1100 T
b1100 W
1,
#4190000
19
b1110101000 Y
b1001110 7
b1001110 ?
b1001110 X
b10 6
b10 >
b10 O
1*
b1010 c
b10 (
b10 =
b10 a
b1110010 P
b111001 '
b111001 <
b111001 N
0,
#4195000
b1010 "
b1010 E
b1010 h
1j
b101 i
1H
b10011100 m
b10 J
b10 g
b10 k
b1110101000 #
b1110101000 F
b1110101000 _
1@
b1001110 B
b1001110 `
b1001110 l
1^
b1100 ]
b10101110 $
b10101110 G
b10101110 U
b100 c
b10 C
b10 V
b10 b
b1000101011110 Y
b111001 K
b111001 T
b111001 W
1,
#4200000
b1110111111111000 Y
b10111000 7
b10111000 ?
b10111000 X
08
b0 6
b0 >
b0 O
b101010 c
b10101 (
b10101 =
b10101 a
0)
b0 P
b0 '
b0 <
b0 N
0,
#4205000
0A
b0 c
b0 C
b0 V
b0 b
0I
b0 Y
b0 K
b0 T
b0 W
b11111111111111111111001110100000 #
b11111111111111111111001110100000 F
b11111111111111111111001110100000 _
b10111000 B
b10111000 `
b10111000 l
b111001 ]
b110100 "
b110100 E
b110100 h
b10 i
b1111101000011000 m
b10101 J
b10101 g
b10101 k
b10011100 !
b10011100 D
b10011100 s
1u
b1001110 t
1r
b10 q
1,
#4210000
09
b0 7
b0 ?
b0 X
0*
b0 (
b0 =
b0 a
0,
#4215000
b11111111111111111111101010110100 !
b11111111111111111111101010110100 D
b11111111111111111111101010110100 s
b10111000 t
b10101 q
0j
b0 i
0H
b0 J
b0 g
b0 k
0@
b0 m
b0 B
b0 `
b0 l
0^
b0 ]
1,
#4216000
b1111011 4
b1001100 3
b11110101 2
b10010000 1
b11101000 0
b10101111 /
b10001101 .
b1000 -
b1000111 ;
#4220000
1+
0,
#4225000
b0 $
b0 G
b0 U
b0 #
b0 F
b0 _
b0 "
b0 E
b0 h
b0 !
b0 D
b0 s
0u
b0 t
0r
b0 q
1,
#4230000
18
b1111110010000000 P
b10010000 6
b10010000 >
b10010000 O
1)
b1000 '
b1000 <
b1000 N
0+
0,
#4235000
b11111111111111111111110010000000 $
b11111111111111111111110010000000 G
b11111111111111111111110010000000 U
1A
b10010000 C
b10010000 V
b10010000 b
1I
b1000 K
b1000 T
b1000 W
1,
#4240000
19
b1111111110101000 Y
b11110101 7
b11110101 ?
b11110101 X
b1001100 6
b1001100 >
b1001100 O
1*
b10001101110000 c
b10101111 (
b10101111 =
b10101111 a
b1101110111011100 P
b10001101 '
b10001101 <
b10001101 N
0,
#4245000
b11111111111111111101101001011100 $
b11111111111111111101101001011100 G
b11111111111111111101101001011100 U
b1110011111110100 c
b1001100 C
b1001100 V
b1001100 b
b10011110001 Y
b10001101 K
b10001101 T
b10001101 W
b11111111111111111111111110101000 #
b11111111111111111111111110101000 F
b11111111111111111111111110101000 _
1@
b1101111011 m
b11110101 B
b11110101 `
b11110101 l
1^
b1000 ]
b10001101110000 "
b10001101110000 E
b10001101110000 h
1j
b10010000 i
1H
b10101111 J
b10101111 g
b10101111 k
1,
#4250000
b1100100010111111 Y
b1111011 7
b1111011 ?
b1111011 X
08
b0 6
b0 >
b0 O
b1111100011100000 c
b11101000 (
b11101000 =
b11101000 a
0)
b0 P
b0 '
b0 <
b0 N
0,
#4255000
b1101111011 !
b1101111011 D
b1101111011 s
1u
b11110101 t
1r
b10101111 q
b1110001010000 "
b1110001010000 E
b1110001010000 h
b1001100 i
b11101000 J
b11101000 g
b11101000 k
b11111111111111111100100001100111 #
b11111111111111111100100001100111 F
b11111111111111111100100001100111 _
b1111010001111000 m
b1111011 B
b1111011 `
b1111011 l
b10001101 ]
0A
b0 c
b0 C
b0 V
b0 b
0I
b0 Y
b0 K
b0 T
b0 W
1,
#4260000
09
b0 7
b0 ?
b0 X
0*
b0 (
b0 =
b0 a
0,
#4265000
0@
b0 B
b0 `
b0 l
0^
b0 ]
0j
b0 i
0H
b0 m
b0 J
b0 g
b0 k
b11111111111111111111011111110011 !
b11111111111111111111011111110011 D
b11111111111111111111011111110011 s
b1111011 t
b11101000 q
1,
#4266000
b110000 4
b10111100 3
b101001 2
b101101 1
b1110000 0
b1101 /
b100101 .
b1000000 -
b1001000 ;
#4270000
1+
0,
#4275000
b0 !
b0 D
b0 s
0u
b0 t
0r
b0 q
b0 "
b0 E
b0 h
b0 #
b0 F
b0 _
b0 $
b0 G
b0 U
1,
#4280000
18
b101101000000 P
b101101 6
b101101 >
b101101 O
1)
b1000000 '
b1000000 <
b1000000 N
0+
0,
#4285000
b101101000000 $
b101101000000 G
b101101000000 U
1A
b101101 C
b101101 V
b101101 b
1I
b1000000 K
b1000000 T
b1000000 W
1,
#4290000
19
b101001000000 Y
b101001 7
b101001 ?
b101001 X
b10111100 6
b10111100 >
b10111100 O
1*
b1001001001 c
b1101 (
b1101 =
b1101 a
b1111011000101100 P
b100101 '
b100101 <
b100101 N
0,
#4295000
b1001001001 "
b1001001001 E
b1001001001 h
1j
b101101 i
1H
b1000010101 m
b1101 J
b1101 g
b1101 k
b101001000000 #
b101001000000 F
b101001000000 _
1@
b101001 B
b101001 `
b101001 l
1^
b1000000 ]
b101101100 $
b101101100 G
b101101100 U
b1111110010001100 c
b10111100 C
b10111100 V
b10111100 b
b10111101101 Y
b100101 K
b100101 T
b100101 W
1,
#4300000
b11011110000 Y
b110000 7
b110000 ?
b110000 X
08
b0 6
b0 >
b0 O
b1110001001000000 c
b1110000 (
b1110000 =
b1110000 a
0)
b0 P
b0 '
b0 <
b0 N
0,
#4305000
0A
b0 c
b0 C
b0 V
b0 b
0I
b0 Y
b0 K
b0 T
b0 W
b1000100110000 #
b1000100110000 F
b1000100110000 _
b110000 B
b110000 `
b110000 l
b100101 ]
b11111111111111111110010010001001 "
b11111111111111111110010010001001 E
b11111111111111111110010010001001 h
b10111100 i
b1010100000000 m
b1110000 J
b1110000 g
b1110000 k
b1000010101 !
b1000010101 D
b1000010101 s
1u
b101001 t
1r
b1101 q
1,
#4310000
09
b0 7
b0 ?
b0 X
0*
b0 (
b0 =
b0 a
0,
#4315000
b1011100010101 !
b1011100010101 D
b1011100010101 s
b110000 t
b1110000 q
0j
b0 i
0H
b0 J
b0 g
b0 k
0@
b0 m
b0 B
b0 `
b0 l
0^
b0 ]
1,
#4316000
b10010100 4
b1011101 3
b11110101 2
b11110101 1
b1001101 0
b10100001 /
b1010000 .
b11000000 -
b1001001 ;
#4320000
1+
0,
#4325000
b0 $
b0 G
b0 U
b0 #
b0 F
b0 _
b0 "
b0 E
b0 h
b0 !
b0 D
b0 s
0u
b0 t
0r
b0 q
1,
#4330000
18
b1011000000 P
b11110101 6
b11110101 >
b11110101 O
1)
b11000000 '
b11000000 <
b11000000 N
0+
0,
#4335000
b1011000000 $
b1011000000 G
b1011000000 U
1A
b11110101 C
b11110101 V
b11110101 b
1I
b11000000 K
b11000000 T
b11000000 W
1,
#4340000
19
b1011000000 Y
b11110101 7
b11110101 ?
b11110101 X
b1011101 6
b1011101 >
b1011101 O
1*
b10000010101 c
b10100001 (
b10100001 =
b10100001 a
b1110100010000 P
b1010000 '
b1010000 <
b1010000 N
0,
#4345000
b1111111010000 $
b1111111010000 G
b1111111010000 U
b1101110101111101 c
b1011101 C
b1011101 V
b1011101 b
b1111110010010000 Y
b1010000 K
b1010000 T
b1010000 W
b1011000000 #
b1011000000 F
b1011000000 _
1@
b10000010101 m
b11110101 B
b11110101 `
b11110101 l
1^
b11000000 ]
b10000010101 "
b10000010101 E
b10000010101 h
1j
b11110101 i
1H
b10100001 J
b10100001 g
b10100001 k
1,
#4350000
b1101111001000000 Y
b10010100 7
b10010100 ?
b10010100 X
08
b0 6
b0 >
b0 O
b1101111111001 c
b1001101 (
b1001101 =
b1001101 a
0)
b0 P
b0 '
b0 <
b0 N
0,
#4355000
b10000010101 !
b10000010101 D
b10000010101 s
1u
b11110101 t
1r
b10100001 q
b10000000001110 "
b10000000001110 E
b10000000001110 h
b1011101 i
b1001101 J
b1001101 g
b1001101 k
b11111111111111111110000100000000 #
b11111111111111111110000100000000 F
b11111111111111111110000100000000 _
b1101111110000100 m
b10010100 B
b10010100 `
b10010100 l
b1010000 ]
0A
b0 c
b0 C
b0 V
b0 b
0I
b0 Y
b0 K
b0 T
b0 W
1,
#4360000
09
b0 7
b0 ?
b0 X
0*
b0 (
b0 =
b0 a
0,
#4365000
0@
b0 B
b0 `
b0 l
0^
b0 ]
0j
b0 i
0H
b0 m
b0 J
b0 g
b0 k
b11111111111111111110001110011001 !
b11111111111111111110001110011001 D
b11111111111111111110001110011001 s
b10010100 t
b1001101 q
1,
#4366000
b10010011 4
b111 3
b1000110 2
b11111010 1
b10011110 0
b10111000 /
b10111100 .
b1101010 -
b1001010 ;
#4370000
1+
0,
#4375000
b0 !
b0 D
b0 s
0u
b0 t
0r
b0 q
b0 "
b0 E
b0 h
b0 #
b0 F
b0 _
b0 $
b0 G
b0 U
1,
#4380000
18
b1111110110000100 P
b11111010 6
b11111010 >
b11111010 O
1)
b1101010 '
b1101010 <
b1101010 N
0+
0,
#4385000
b11111111111111111111110110000100 $
b11111111111111111111110110000100 G
b11111111111111111111110110000100 U
1A
b11111010 C
b11111010 V
b11111010 b
1I
b1101010 K
b1101010 T
b1101010 W
1,
#4390000
19
b1110011111100 Y
b1000110 7
b1000110 ?
b1000110 X
b111 6
b111 >
b111 O
1*
b110110000 c
b10111000 (
b10111000 =
b10111000 a
b1111111000100100 P
b10111100 '
b10111100 <
b10111100 N
0,
#4395000
b110110000 "
b110110000 E
b110110000 h
1j
b11111010 i
1H
b1110110001010000 m
b10111000 J
b10111000 g
b10111000 k
b1110011111100 #
b1110011111100 F
b1110011111100 _
1@
b1000110 B
b1000110 `
b1000110 l
1^
b1101010 ]
b11111111111111111111101110101000 $
b11111111111111111111101110101000 G
b11111111111111111111101110101000 U
b1111111000001000 c
b111 C
b111 V
b111 b
b1110110101101000 Y
b10111100 K
b10111100 T
b10111100 W
1,
#4400000
b1110011110100 Y
b10010011 7
b10010011 ?
b10010011 X
08
b0 6
b0 >
b0 O
b1111110101010010 c
b10011110 (
b10011110 =
b10011110 a
0)
b0 P
b0 '
b0 <
b0 N
0,
#4405000
0A
b0 c
b0 C
b0 V
b0 b
0I
b0 Y
b0 K
b0 T
b0 W
b11100111110000 #
b11100111110000 F
b11100111110000 _
b10010011 B
b10010011 `
b10010011 l
b10111100 ]
b11111111111111111111111100000010 "
b11111111111111111111111100000010 E
b11111111111111111111111100000010 h
b111 i
b10100110111010 m
b10011110 J
b10011110 g
b10011110 k
b11111111111111111110110001010000 !
b11111111111111111110110001010000 D
b11111111111111111110110001010000 s
1u
b1000110 t
1r
b10111000 q
1,
#4410000
09
b0 7
b0 ?
b0 X
0*
b0 (
b0 =
b0 a
0,
#4415000
b1011000001010 !
b1011000001010 D
b1011000001010 s
b10010011 t
b10011110 q
0j
b0 i
0H
b0 J
b0 g
b0 k
0@
b0 m
b0 B
b0 `
b0 l
0^
b0 ]
1,
#4416000
b11110 4
b1101000 3
b100110 2
b1011001 1
b1100011 0
b1000101 /
b10110111 .
b1010101 -
b1001011 ;
#4420000
1+
0,
#4425000
b0 $
b0 G
b0 U
b0 #
b0 F
b0 _
b0 "
b0 E
b0 h
b0 !
b0 D
b0 s
0u
b0 t
0r
b0 q
1,
#4430000
18
b1110110001101 P
b1011001 6
b1011001 >
b1011001 O
1)
b1010101 '
b1010101 <
b1010101 N
0+
0,
#4435000
b1110110001101 $
b1110110001101 G
b1110110001101 U
1A
b1011001 C
b1011001 V
b1011001 b
1I
b1010101 K
b1010101 T
b1010101 W
1,
#4440000
19
b110010011110 Y
b100110 7
b100110 ?
b100110 X
b1101000 6
b1101000 >
b1101000 O
1*
b1011111111101 c
b1000101 (
b1000101 =
b1000101 a
b1110001001011000 P
b10110111 '
b10110111 <
b10110111 N
0,
#4445000
b11111111111111111111111111100101 $
b11111111111111111111111111100101 G
b11111111111111111111111111100101 U
b1110000001000 c
b1101000 C
b1101000 V
b1101000 b
b1111010100101010 Y
b10110111 K
b10110111 T
b10110111 W
b110010011110 #
b110010011110 F
b110010011110 _
1@
b101000111110 m
b100110 B
b100110 `
b100110 l
1^
b1010101 ]
b1011111111101 "
b1011111111101 E
b1011111111101 h
1j
b1011001 i
1H
b1000101 J
b1000101 g
b1000101 k
1,
#4450000
b1111011101110010 Y
b11110 7
b11110 ?
b11110 X
08
b0 6
b0 >
b0 O
b10100000111000 c
b1100011 (
b1100011 =
b1100011 a
0)
b0 P
b0 '
b0 <
b0 N
0,
#4455000
b101000111110 !
b101000111110 D
b101000111110 s
1u
b100110 t
1r
b1000101 q
b100000000110101 "
b100000000110101 E
b100000000110101 h
b1101000 i
b1100011 J
b1100011 g
b1100011 k
b10000010000 #
b10000010000 F
b10000010000 _
b101110011010 m
b11110 B
b11110 `
b11110 l
b10110111 ]
0A
b0 c
b0 C
b0 V
b0 b
0I
b0 Y
b0 K
b0 T
b0 W
1,
#4460000
09
b0 7
b0 ?
b0 X
0*
b0 (
b0 =
b0 a
0,
#4465000
0@
b0 B
b0 `
b0 l
0^
b0 ]
0j
b0 i
0H
b0 m
b0 J
b0 g
b0 k
b1010111011000 !
b1010111011000 D
b1010111011000 s
b11110 t
b1100011 q
1,
#4466000
b11011000 4
b1101111 3
b11010000 2
b10101011 1
b10111001 0
b11100 /
b1011010 .
b10010000 -
b1001100 ;
#4470000
1+
0,
#4475000
b0 !
b0 D
b0 s
0u
b0 t
0r
b0 q
b0 "
b0 E
b0 h
b0 #
b0 F
b0 _
b0 $
b0 G
b0 U
1,
#4480000
18
b10010100110000 P
b10101011 6
b10101011 >
b10101011 O
1)
b10010000 '
b10010000 <
b10010000 N
0+
0,
#4485000
b10010100110000 $
b10010100110000 G
b10010100110000 U
1A
b10101011 C
b10101011 V
b10101011 b
1I
b10010000 K
b10010000 T
b10010000 W
1,
#4490000
19
b1010100000000 Y
b11010000 7
b11010000 ?
b11010000 X
b1101111 6
b1101111 >
b1101111 O
1*
b1111011010110100 c
b11100 (
b11100 =
b11100 a
b10011100000110 P
b1011010 '
b1011010 <
b1011010 N
0,
#4495000
b11111111111111111111011010110100 "
b11111111111111111111011010110100 E
b11111111111111111111011010110100 h
1j
b10101011 i
1H
b1111101011000000 m
b11100 J
b11100 g
b11100 k
b1010100000000 #
b1010100000000 F
b1010100000000 _
1@
b11010000 B
b11010000 `
b11010000 l
1^
b10010000 ]
b100110000110110 $
b100110000110110 G
b100110000110110 U
b110000100100 c
b1101111 C
b1101111 V
b1101111 b
b1110111100100000 Y
b1011010 K
b1011010 T
b1011010 W
1,
#4500000
b1111000111110000 Y
b11011000 7
b11011000 ?
b11011000 X
08
b0 6
b0 >
b0 O
b1110000100110111 c
b10111001 (
b10111001 =
b10111001 a
0)
b0 P
b0 '
b0 <
b0 N
0,
#4505000
0A
b0 c
b0 C
b0 V
b0 b
0I
b0 Y
b0 K
b0 T
b0 W
b11011110000 #
b11011110000 F
b11011110000 _
b11011000 B
b11011000 `
b11011000 l
b1011010 ]
b11111111111111111101011111101011 "
b11111111111111111101011111101011 E
b11111111111111111101011111101011 h
b1101111 i
b101100011000 m
b10111001 J
b10111001 g
b10111001 k
b11111111111111111111101011000000 !
b11111111111111111111101011000000 D
b11111111111111111111101011000000 s
1u
b11010000 t
1r
b11100 q
1,
#4510000
09
b0 7
b0 ?
b0 X
0*
b0 (
b0 =
b0 a
0,
#4515000
b10111011000 !
b10111011000 D
b10111011000 s
b11011000 t
b10111001 q
0j
b0 i
0H
b0 J
b0 g
b0 k
0@
b0 m
b0 B
b0 `
b0 l
0^
b0 ]
1,
#4516000
b10100101 4
b11001 3
b10100100 2
b11011100 1
b11111100 0
b10001011 /
b10001101 .
b1000101 -
b1001101 ;
#4520000
1+
0,
#4525000
b0 $
b0 G
b0 U
b0 #
b0 F
b0 _
b0 "
b0 E
b0 h
b0 !
b0 D
b0 s
0u
b0 t
0r
b0 q
1,
#4530000
18
b1111011001001100 P
b11011100 6
b11011100 >
b11011100 O
1)
b1000101 '
b1000101 <
b1000101 N
0+
0,
#4535000
b11111111111111111111011001001100 $
b11111111111111111111011001001100 G
b11111111111111111111011001001100 U
1A
b11011100 C
b11011100 V
b11011100 b
1I
b1000101 K
b1000101 T
b1000101 W
1,
#4540000
19
b1110011100110100 Y
b10100100 7
b10100100 ?
b10100100 X
b11001 6
b11001 >
b11001 O
1*
b1000001110100 c
b10001011 (
b10001011 =
b10001011 a
b1111010011000101 P
b10001101 '
b10001101 <
b10001101 N
0,
#4545000
b11111111111111111110101100010001 $
b11111111111111111110101100010001 G
b11111111111111111110101100010001 U
b1111010010010011 c
b11001 C
b11001 V
b11001 b
b10100101010100 Y
b10001101 K
b10001101 T
b10001101 W
b11111111111111111110011100110100 #
b11111111111111111110011100110100 F
b11111111111111111110011100110100 _
1@
b10101000001100 m
b10100100 B
b10100100 `
b10100100 l
1^
b1000101 ]
b1000001110100 "
b1000001110100 E
b1000001110100 h
1j
b11011100 i
1H
b10001011 J
b10001011 g
b10001011 k
1,
#4550000
b10100011100001 Y
b10100101 7
b10100101 ?
b10100101 X
08
b0 6
b0 >
b0 O
b1111111110011100 c
b11111100 (
b11111100 =
b11111100 a
0)
b0 P
b0 '
b0 <
b0 N
0,
#4555000
b10101000001100 !
b10101000001100 D
b10101000001100 s
1u
b10100100 t
1r
b10001011 q
b1000000010000 "
b1000000010000 E
b1000000010000 h
b11001 i
b11111100 J
b11111100 g
b11111100 k
b1000000010101 #
b1000000010101 F
b1000000010101 _
b101101100 m
b10100101 B
b10100101 `
b10100101 l
b10001101 ]
0A
b0 c
b0 C
b0 V
b0 b
0I
b0 Y
b0 K
b0 T
b0 W
1,
#4560000
09
b0 7
b0 ?
b0 X
0*
b0 (
b0 =
b0 a
0,
#4565000
0@
b0 B
b0 `
b0 l
0^
b0 ]
0j
b0 i
0H
b0 m
b0 J
b0 g
b0 k
b10101101111000 !
b10101101111000 D
b10101101111000 s
b10100101 t
b11111100 q
1,
#4566000
b11000 4
b10011010 3
b110 2
b1011100 1
b11000100 0
b1011000 /
b11110011 .
b111110 -
b1001110 ;
#4570000
1+
0,
#4575000
b0 !
b0 D
b0 s
0u
b0 t
0r
b0 q
b0 "
b0 E
b0 h
b0 #
b0 F
b0 _
b0 $
b0 G
b0 U
1,
#4580000
18
b1011001001000 P
b1011100 6
b1011100 >
b1011100 O
1)
b111110 '
b111110 <
b111110 N
0+
0,
#4585000
b1011001001000 $
b1011001001000 G
b1011001001000 U
1A
b1011100 C
b1011100 V
b1011100 b
1I
b111110 K
b111110 T
b111110 W
1,
#4590000
19
b101110100 Y
b110 7
b110 ?
b110 X
b10011010 6
b10011010 >
b10011010 O
1*
b1111110100000 c
b1011000 (
b1011000 =
b1011000 a
b10100101110 P
b11110011 '
b11110011 <
b11110011 N
0,
#4595000
b1111110100000 "
b1111110100000 E
b1111110100000 h
1j
b1011100 i
1H
b1000010000 m
b1011000 J
b1011000 g
b1011000 k
b101110100 #
b101110100 F
b101110100 _
1@
b110 B
b110 `
b110 l
1^
b111110 ]
b1101101110110 $
b1101101110110 G
b1101101110110 U
b1101110011110000 c
b10011010 C
b10011010 V
b10011010 b
b1111111110110010 Y
b11110011 K
b11110011 T
b11110011 W
1,
#4600000
b1111111011001000 Y
b11000 7
b11000 ?
b11000 X
08
b0 6
b0 >
b0 O
b1011111101000 c
b11000100 (
b11000100 =
b11000100 a
0)
b0 P
b0 '
b0 <
b0 N
0,
#4605000
0A
b0 c
b0 C
b0 V
b0 b
0I
b0 Y
b0 K
b0 T
b0 W
b111100 #
b111100 F
b111100 _
b11000 B
b11000 `
b11000 l
b11110011 ]
b11011110001000 "
b11011110001000 E
b11011110001000 h
b10011010 i
b1111101001100000 m
b11000100 J
b11000100 g
b11000100 k
b1000010000 !
b1000010000 D
b1000010000 s
1u
b110 t
1r
b1011000 q
1,
#4610000
09
b0 7
b0 ?
b0 X
0*
b0 (
b0 =
b0 a
0,
#4615000
b11111111111111111111110001110000 !
b11111111111111111111110001110000 D
b11111111111111111111110001110000 s
b11000 t
b11000100 q
0j
b0 i
0H
b0 J
b0 g
b0 k
0@
b0 m
b0 B
b0 `
b0 l
0^
b0 ]
1,
#4616000
b11000011 4
b11101001 3
b1100 2
b10110010 1
b11000011 0
b11010 /
b10101010 .
b11000101 -
b1001111 ;
#4620000
1+
0,
#4625000
b0 $
b0 G
b0 U
b0 #
b0 F
b0 _
b0 "
b0 E
b0 h
b0 !
b0 D
b0 s
0u
b0 t
0r
b0 q
1,
#4630000
18
b1000111111010 P
b10110010 6
b10110010 >
b10110010 O
1)
b11000101 '
b11000101 <
b11000101 N
0+
0,
#4635000
b1000111111010 $
b1000111111010 G
b1000111111010 U
1A
b10110010 C
b10110010 V
b10110010 b
1I
b11000101 K
b11000101 T
b11000101 W
1,
#4640000
19
b1111110100111100 Y
b1100 7
b1100 ?
b1100 X
b11101001 6
b11101001 >
b11101001 O
1*
b1111100000010100 c
b11010 (
b11010 =
b11010 a
b11110111010 P
b10101010 '
b10101010 <
b10101010 N
0,
#4645000
b1100110110100 $
b1100110110100 G
b1100110110100 U
b1111110110101010 c
b11101001 C
b11101001 V
b11101001 b
b1111101111111000 Y
b10101010 K
b10101010 T
b10101010 W
b11111111111111111111110100111100 #
b11111111111111111111110100111100 F
b11111111111111111111110100111100 _
1@
b100111000 m
b1100 B
b1100 `
b1100 l
1^
b11000101 ]
b11111111111111111111100000010100 "
b11111111111111111111100000010100 E
b11111111111111111111100000010100 h
1j
b10110010 i
1H
b11010 J
b11010 g
b11010 k
1,
#4650000
b1010001111110 Y
b11000011 7
b11000011 ?
b11000011 X
08
b0 6
b0 >
b0 O
b10101111011 c
b11000011 (
b11000011 =
b11000011 a
0)
b0 P
b0 '
b0 <
b0 N
0,
#4655000
b100111000 !
b100111000 D
b100111000 s
1u
b1100 t
1r
b11010 q
b11111111111111111111110110001111 "
b11111111111111111111110110001111 E
b11111111111111111111110110001111 h
b11101001 i
b11000011 J
b11000011 g
b11000011 k
b1000110111010 #
b1000110111010 F
b1000110111010 _
b111010001001 m
b11000011 B
b11000011 `
b11000011 l
b10101010 ]
0A
b0 c
b0 C
b0 V
b0 b
0I
b0 Y
b0 K
b0 T
b0 W
1,
#4660000
09
b0 7
b0 ?
b0 X
0*
b0 (
b0 =
b0 a
0,
#4665000
0@
b0 B
b0 `
b0 l
0^
b0 ]
0j
b0 i
0H
b0 m
b0 J
b0 g
b0 k
b111111000001 !
b111111000001 D
b111111000001 s
b11000011 t
b11000011 q
1,
#4666000
b1101000 4
b10101101 3
b11011 2
b1101111 1
b10001001 0
b11110010 /
b11111000 .
b11101011 -
b1010000 ;
#4670000
1+
0,
#4675000
b0 !
b0 D
b0 s
0u
b0 t
0r
b0 q
b0 "
b0 E
b0 h
b0 #
b0 F
b0 _
b0 $
b0 G
b0 U
1,
#4680000
18
b1111011011100101 P
b1101111 6
b1101111 >
b1101111 O
1)
b11101011 '
b11101011 <
b11101011 N
0+
0,
#4685000
b11111111111111111111011011100101 $
b11111111111111111111011011100101 G
b11111111111111111111011011100101 U
1A
b1101111 C
b1101111 V
b1101111 b
1I
b11101011 K
b11101011 T
b11101011 W
1,
#4690000
19
b1111110111001001 Y
b11011 7
b11011 ?
b11011 X
b10101101 6
b10101101 >
b10101101 O
1*
b1111100111101110 c
b11110010 (
b11110010 =
b11110010 a
b1010011000 P
b11111000 '
b11111000 <
b11111000 N
0,
#4695000
b11111111111111111111100111101110 "
b11111111111111111111100111101110 E
b11111111111111111111100111101110 h
1j
b1101111 i
1H
b1111111010000110 m
b11110010 J
b11110010 g
b11110010 k
b11111111111111111111110111001001 #
b11111111111111111111110111001001 F
b11111111111111111111110111001001 _
1@
b11011 B
b11011 `
b11011 l
1^
b11101011 ]
b11111111111111111111100101111101 $
b11111111111111111111100101111101 G
b11111111111111111111100101111101 U
b10010001010 c
b10101101 C
b10101101 V
b10101101 b
b1111111100101000 Y
b11111000 K
b11111000 T
b11111000 W
1,
#4700000
b1111110011000000 Y
b1101000 7
b1101000 ?
b1101000 X
08
b0 6
b0 >
b0 O
b10011010010101 c
b10001001 (
b10001001 =
b10001001 a
0)
b0 P
b0 '
b0 <
b0 N
0,
#4705000
0A
b0 c
b0 C
b0 V
b0 b
0I
b0 Y
b0 K
b0 T
b0 W
b11111111111111111111101010001001 #
b11111111111111111111101010001001 F
b11111111111111111111101010001001 _
b1101000 B
b1101000 `
b1101000 l
b11111000 ]
b10000010000011 "
b10000010000011 E
b10000010000011 h
b10101101 i
b1100111110101000 m
b10001001 J
b10001001 g
b10001001 k
b11111111111111111111111010000110 !
b11111111111111111111111010000110 D
b11111111111111111111111010000110 s
1u
b11011 t
1r
b11110010 q
1,
#4710000
09
b0 7
b0 ?
b0 X
0*
b0 (
b0 =
b0 a
0,
#4715000
b11111111111111111100111000101110 !
b11111111111111111100111000101110 D
b11111111111111111100111000101110 s
b1101000 t
b10001001 q
0j
b0 i
0H
b0 J
b0 g
b0 k
0@
b0 m
b0 B
b0 `
b0 l
0^
b0 ]
1,
#4716000
b100 4
b10000010 3
b1011101 2
b10000000 1
b11011 0
b10101011 /
b11001111 .
b100101 -
b1010001 ;
#4720000
1+
0,
#4725000
b0 $
b0 G
b0 U
b0 #
b0 F
b0 _
b0 "
b0 E
b0 h
b0 !
b0 D
b0 s
0u
b0 t
0r
b0 q
1,
#4730000
18
b1110110110000000 P
b10000000 6
b10000000 >
b10000000 O
1)
b100101 '
b100101 <
b100101 N
0+
0,
#4735000
b11111111111111111110110110000000 $
b11111111111111111110110110000000 G
b11111111111111111110110110000000 U
1A
b10000000 C
b10000000 V
b10000000 b
1I
b100101 K
b100101 T
b100101 W
1,
#4740000
19
b110101110001 Y
b1011101 7
b1011101 ?
b1011101 X
b10000010 6
b10000010 >
b10000010 O
1*
b10101010000000 c
b10101011 (
b10101011 =
b10101011 a
b1100000011110 P
b11001111 '
b11001111 <
b11001111 N
0,
#4745000
b10110011110 $
b10110011110 G
b10110011110 U
b10100111010110 c
b10000010 C
b10000010 V
b10000010 b
b1110111000110011 Y
b11001111 K
b11001111 T
b11001111 W
b110101110001 #
b110101110001 F
b110101110001 _
1@
b1110000100011111 m
b1011101 B
b1011101 `
b1011101 l
1^
b100101 ]
b10101010000000 "
b10101010000000 E
b10101010000000 h
1j
b10000000 i
1H
b10101011 J
b10101011 g
b10101011 k
1,
#4750000
b1111111100111100 Y
b100 7
b100 ?
b100 X
08
b0 6
b0 >
b0 O
b1111001010110110 c
b11011 (
b11011 =
b11011 a
0)
b0 P
b0 '
b0 <
b0 N
0,
#4755000
b11111111111111111110000100011111 !
b11111111111111111110000100011111 D
b11111111111111111110000100011111 s
1u
b1011101 t
1r
b10101011 q
b1110100110110 "
b1110100110110 E
b1110100110110 h
b10000010 i
b11011 J
b11011 g
b11011 k
b110010101101 #
b110010101101 F
b110010101101 _
b1101100 m
b100 B
b100 `
b100 l
b11001111 ]
0A
b0 c
b0 C
b0 V
b0 b
0I
b0 Y
b0 K
b0 T
b0 W
1,
#4760000
09
b0 7
b0 ?
b0 X
0*
b0 (
b0 =
b0 a
0,
#4765000
0@
b0 B
b0 `
b0 l
0^
b0 ]
0j
b0 i
0H
b0 m
b0 J
b0 g
b0 k
b11111111111111111110000110001011 !
b11111111111111111110000110001011 D
b11111111111111111110000110001011 s
b100 t
b11011 q
1,
#4766000
b11000000 4
b10101010 3
b10110 2
b11100100 1
b1111001 0
b110010 /
b110110 .
b1010111 -
b1010010 ;
#4770000
1+
0,
#4775000
b0 !
b0 D
b0 s
0u
b0 t
0r
b0 q
b0 "
b0 E
b0 h
b0 #
b0 F
b0 _
b0 $
b0 G
b0 U
1,
#4780000
18
b1111011001111100 P
b11100100 6
b11100100 >
b11100100 O
1)
b1010111 '
b1010111 <
b1010111 N
0+
0,
#4785000
b11111111111111111111011001111100 $
b11111111111111111111011001111100 G
b11111111111111111111011001111100 U
1A
b11100100 C
b11100100 V
b11100100 b
1I
b1010111 K
b1010111 T
b1010111 W
1,
#4790000
19
b11101111010 Y
b10110 7
b10110 ?
b10110 X
b10101010 6
b10101010 >
b10101010 O
1*
b1111101010001000 c
b110010 (
b110010 =
b110010 a
b1110110111011100 P
b110110 '
b110110 <
b110110 N
0,
#4795000
b11111111111111111111101010001000 "
b11111111111111111111101010001000 E
b11111111111111111111101010001000 h
1j
b11100100 i
1H
b10001001100 m
b110010 J
b110010 g
b110010 k
b11101111010 #
b11101111010 F
b11101111010 _
1@
b10110 B
b10110 `
b10110 l
1^
b1010111 ]
b11111111111111111110010001011000 $
b11111111111111111110010001011000 G
b11111111111111111110010001011000 U
b1110111100110100 c
b10101010 C
b10101010 V
b10101010 b
b10010100100 Y
b110110 K
b110110 T
b110110 W
1,
#4800000
b1111001010000000 Y
b11000000 7
b11000000 ?
b11000000 X
08
b0 6
b0 >
b0 O
b1101011101011010 c
b1111001 (
b1111001 =
b1111001 a
0)
b0 P
b0 '
b0 <
b0 N
0,
#4805000
0A
b0 c
b0 C
b0 V
b0 b
0I
b0 Y
b0 K
b0 T
b0 W
b11111111111111111111100111111010 #
b11111111111111111111100111111010 F
b11111111111111111111100111111010 _
b11000000 B
b11000000 `
b11000000 l
b110110 ]
b11111111111111111101000111100010 "
b11111111111111111101000111100010 E
b11111111111111111101000111100010 h
b10101010 i
b1110000111000000 m
b1111001 J
b1111001 g
b1111001 k
b10001001100 !
b10001001100 D
b10001001100 s
1u
b10110 t
1r
b110010 q
1,
#4810000
09
b0 7
b0 ?
b0 X
0*
b0 (
b0 =
b0 a
0,
#4815000
b11111111111111111110011000001100 !
b11111111111111111110011000001100 D
b11111111111111111110011000001100 s
b11000000 t
b1111001 q
0j
b0 i
0H
b0 J
b0 g
b0 k
0@
b0 m
b0 B
b0 `
b0 l
0^
b0 ]
1,
#4816000
b11000001 4
b10111 3
b11011100 2
b10111100 1
b11111011 0
b1110001 /
b10001100 .
b101110 -
b1010011 ;
#4820000
1+
0,
#4825000
b0 $
b0 G
b0 U
b0 #
b0 F
b0 _
b0 "
b0 E
b0 h
b0 !
b0 D
b0 s
0u
b0 t
0r
b0 q
1,
#4830000
18
b1111001111001000 P
b10111100 6
b10111100 >
b10111100 O
1)
b101110 '
b101110 <
b101110 N
0+
0,
#4835000
b11111111111111111111001111001000 $
b11111111111111111111001111001000 G
b11111111111111111111001111001000 U
1A
b10111100 C
b10111100 V
b10111100 b
1I
b101110 K
b101110 T
b101110 W
1,
#4840000
19
b1111100110001000 Y
b11011100 7
b11011100 ?
b11011100 X
b10111 6
b10111 >
b10111 O
1*
b1110000111111100 c
b1110001 (
b1110001 =
b1110001 a
b1111010110010100 P
b10001100 '
b10001100 <
b10001100 N
0,
#4845000
b11111111111111111110100101011100 $
b11111111111111111110100101011100 G
b11111111111111111110100101011100 U
b101000100111 c
b10111 C
b10111 V
b10111 b
b1000001010000 Y
b10001100 K
b10001100 T
b10001100 W
b11111111111111111111100110001000 #
b11111111111111111111100110001000 F
b11111111111111111111100110001000 _
1@
b1111000000011100 m
b11011100 B
b11011100 `
b11011100 l
1^
b101110 ]
b11111111111111111110000111111100 "
b11111111111111111110000111111100 E
b11111111111111111110000111111100 h
1j
b10111100 i
1H
b1110001 J
b1110001 g
b1110001 k
1,
#4850000
b1110010001100 Y
b11000001 7
b11000001 ?
b11000001 X
08
b0 6
b0 >
b0 O
b1111111110001101 c
b11111011 (
b11111011 =
b11111011 a
0)
b0 P
b0 '
b0 <
b0 N
0,
#4855000
b11111111111111111111000000011100 !
b11111111111111111111000000011100 D
b11111111111111111111000000011100 s
1u
b11011100 t
1r
b1110001 q
b11111111111111111110000110001001 "
b11111111111111111110000110001001 E
b11111111111111111110000110001001 h
b10111 i
b11111011 J
b11111011 g
b11111011 k
b1011000010100 #
b1011000010100 F
b1011000010100 _
b100111011 m
b11000001 B
b11000001 `
b11000001 l
b10001100 ]
0A
b0 c
b0 C
b0 V
b0 b
0I
b0 Y
b0 K
b0 T
b0 W
1,
#4860000
09
b0 7
b0 ?
b0 X
0*
b0 (
b0 =
b0 a
0,
#4865000
0@
b0 B
b0 `
b0 l
0^
b0 ]
0j
b0 i
0H
b0 m
b0 J
b0 g
b0 k
b11111111111111111111000101010111 !
b11111111111111111111000101010111 D
b11111111111111111111000101010111 s
b11000001 t
b11111011 q
1,
#4866000
b11010110 4
b11010011 3
b10110000 2
b10111111 1
b10001111 0
b10001001 /
b10110101 .
b11101011 -
b1010100 ;
#4870000
1+
0,
#4875000
b0 !
b0 D
b0 s
0u
b0 t
0r
b0 q
b0 "
b0 E
b0 h
b0 #
b0 F
b0 _
b0 $
b0 G
b0 U
1,
#4880000
18
b10101010101 P
b10111111 6
b10111111 >
b10111111 O
1)
b11101011 '
b11101011 <
b11101011 N
0+
0,
#4885000
b10101010101 $
b10101010101 G
b10101010101 U
1A
b10111111 C
b10111111 V
b10111111 b
1I
b11101011 K
b11101011 T
b11101011 W
1,
#4890000
19
b11010010000 Y
b10110000 7
b10110000 ?
b10110000 X
b11010011 6
b11010011 >
b11010011 O
1*
b1111000110111 c
b10001001 (
b10001001 =
b10001001 a
b110100101111 P
b10110101 '
b10110101 <
b10110101 N
0,
#4895000
b1111000110111 "
b1111000110111 E
b1111000110111 h
1j
b10111111 i
1H
b10010100110000 m
b10001001 J
b10001001 g
b10001001 k
b11010010000 #
b11010010000 F
b11010010000 _
1@
b10110000 B
b10110000 `
b10110000 l
1^
b11101011 ]
b1001010000100 $
b1001010000100 G
b1001010000100 U
b1010011101011 c
b11010011 C
b11010011 V
b11010011 b
b1011101110000 Y
b10110101 K
b10110101 T
b10110101 W
1,
#4900000
b110001001110 Y
b11010110 7
b11010110 ?
b11010110 X
08
b0 6
b0 >
b0 O
b1001111011101 c
b10001111 (
b10001111 =
b10001111 a
0)
b0 P
b0 '
b0 <
b0 N
0,
#4905000
0A
b0 c
b0 C
b0 V
b0 b
0I
b0 Y
b0 K
b0 T
b0 W
b1001011011110 #
b1001011011110 F
b1001011011110 _
b11010110 B
b11010110 `
b11010110 l
b10110101 ]
b11001000010100 "
b11001000010100 E
b11001000010100 h
b11010011 i
b1001010001010 m
b10001111 J
b10001111 g
b10001111 k
b10010100110000 !
b10010100110000 D
b10010100110000 s
1u
b10110000 t
1r
b10001001 q
1,
#4910000
09
b0 7
b0 ?
b0 X
0*
b0 (
b0 =
b0 a
0,
#4915000
b11011110111010 !
b11011110111010 D
b11011110111010 s
b11010110 t
b10001111 q
0j
b0 i
0H
b0 J
b0 g
b0 k
0@
b0 m
b0 B
b0 `
b0 l
0^
b0 ]
1,
#4916000
b101 4
b11001101 3
b11110001 2
b1110 1
b11010111 0
b1110001 /
b11010 .
b10000010 -
b1010101 ;
#4920000
1+
0,
#4925000
b0 $
b0 G
b0 U
b0 #
b0 F
b0 _
b0 "
b0 E
b0 h
b0 !
b0 D
b0 s
0u
b0 t
0r
b0 q
1,
#4930000
18
b1111100100011100 P
b1110 6
b1110 >
b1110 O
1)
b10000010 '
b10000010 <
b10000010 N
0+
0,
#4935000
b11111111111111111111100100011100 $
b11111111111111111111100100011100 G
b11111111111111111111100100011100 U
1A
b1110 C
b1110 V
b1110 b
1I
b10000010 K
b10000010 T
b10000010 W
1,
#4940000
19
b11101100010 Y
b11110001 7
b11110001 ?
b11110001 X
b11001101 6
b11001101 >
b11001101 O
1*
b11000101110 c
b1110001 (
b1110001 =
b1110001 a
b1111101011010010 P
b11010 '
b11010 <
b11010 N
0,
#4945000
b11111111111111111111001111101110 $
b11111111111111111111001111101110 G
b11111111111111111111001111101110 U
b1110100101111101 c
b11001101 C
b11001101 V
b11001101 b
b1111111001111010 Y
b11010 K
b11010 T
b11010 W
b11101100010 #
b11101100010 F
b11101100010 _
1@
b1111100101100001 m
b11110001 B
b11110001 `
b11110001 l
1^
b10000010 ]
b11000101110 "
b11000101110 E
b11000101110 h
1j
b1110 i
1H
b1110001 J
b1110001 g
b1110001 k
1,
#4950000
b10000010 Y
b101 7
b101 ?
b101 X
08
b0 6
b0 >
b0 O
b100000101011 c
b11010111 (
b11010111 =
b11010111 a
0)
b0 P
b0 '
b0 <
b0 N
0,
#4955000
b11111111111111111111100101100001 !
b11111111111111111111100101100001 D
b11111111111111111111100101100001 s
1u
b11110001 t
1r
b1110001 q
b111001011001 "
b111001011001 E
b111001011001 h
b11001101 i
b11010111 J
b11010111 g
b11010111 k
b11111100100 #
b11111100100 F
b11111100100 _
b1111111100110011 m
b101 B
b101 `
b101 l
b11010 ]
0A
b0 c
b0 C
b0 V
b0 b
0I
b0 Y
b0 K
b0 T
b0 W
1,
#4960000
09
b0 7
b0 ?
b0 X
0*
b0 (
b0 =
b0 a
0,
#4965000
0@
b0 B
b0 `
b0 l
0^
b0 ]
0j
b0 i
0H
b0 m
b0 J
b0 g
b0 k
b11111111111111111111100010010100 !
b11111111111111111111100010010100 D
b11111111111111111111100010010100 s
b101 t
b11010111 q
1,
#4966000
b11111110 4
b11 3
b110111 2
b1100101 1
b101010 0
b11101100 /
b10011000 .
b11100 -
b1010110 ;
#4970000
1+
0,
#4975000
b0 !
b0 D
b0 s
0u
b0 t
0r
b0 q
b0 "
b0 E
b0 h
b0 #
b0 F
b0 _
b0 $
b0 G
b0 U
1,
#4980000
18
b101100001100 P
b1100101 6
b1100101 >
b1100101 O
1)
b11100 '
b11100 <
b11100 N
0+
0,
#4985000
b101100001100 $
b101100001100 G
b101100001100 U
1A
b1100101 C
b1100101 V
b1100101 b
1I
b11100 K
b11100 T
b11100 W
1,
#4990000
19
b11000000100 Y
b110111 7
b110111 ?
b110111 X
b11 6
b11 >
b11 O
1*
b1111100000011100 c
b11101100 (
b11101100 =
b11101100 a
b1111111011001000 P
b10011000 '
b10011000 <
b10011000 N
0,
#4995000
b11111111111111111111100000011100 "
b11111111111111111111100000011100 E
b11111111111111111111100000011100 h
1j
b1100101 i
1H
b1111101110110100 m
b11101100 J
b11101100 g
b11101100 k
b11000000100 #
b11000000100 F
b11000000100 _
1@
b110111 B
b110111 `
b110111 l
1^
b11100 ]
b100111010100 $
b100111010100 G
b100111010100 U
b1111111111000100 c
b11 C
b11 V
b11 b
b1110100110101000 Y
b10011000 K
b10011000 T
b10011000 W
1,
#5000000
b11010000 Y
b11111110 7
b11111110 ?
b11111110 X
08
b0 6
b0 >
b0 O
b1111110 c
b101010 (
b101010 =
b101010 a
0)
b0 P
b0 '
b0 <
b0 N
0,
#5005000
0A
b0 c
b0 C
b0 V
b0 b
0I
b0 Y
b0 K
b0 T
b0 W
b11011010100 #
b11011010100 F
b11011010100 _
b11111110 B
b11111110 `
b11111110 l
b10011000 ]
b11111111111111111111100010011010 "
b11111111111111111111100010011010 E
b11111111111111111111100010011010 h
b11 i
b1111111110101100 m
b101010 J
b101010 g
b101010 k
b11111111111111111111101110110100 !
b11111111111111111111101110110100 D
b11111111111111111111101110110100 s
1u
b110111 t
1r
b11101100 q
1,
#5010000
09
b0 7
b0 ?
b0 X
0*
b0 (
b0 =
b0 a
0,
#5015000
b11111111111111111111101101100000 !
b11111111111111111111101101100000 D
b11111111111111111111101101100000 s
b11111110 t
b101010 q
0j
b0 i
0H
b0 J
b0 g
b0 k
0@
b0 m
b0 B
b0 `
b0 l
0^
b0 ]
1,
#5016000
b1101000 4
b10010 3
b110 2
b10110000 1
b1110100 0
b11101000 /
b111110 .
b11111101 -
b1010111 ;
#5020000
1+
0,
#5025000
b0 $
b0 G
b0 U
b0 #
b0 F
b0 _
b0 "
b0 E
b0 h
b0 !
b0 D
b0 s
0u
b0 t
0r
b0 q
1,
#5030000
18
b11110000 P
b10110000 6
b10110000 >
b10110000 O
1)
b11111101 '
b11111101 <
b11111101 N
0+
0,
#5035000
b11110000 $
b11110000 G
b11110000 U
1A
b10110000 C
b10110000 V
b10110000 b
1I
b11111101 K
b11111101 T
b11111101 W
1,
#5040000
19
b1111111111101110 Y
b110 7
b110 ?
b110 X
b10010 6
b10010 >
b10010 O
1*
b11110000000 c
b11101000 (
b11101000 =
b11101000 a
b10001011100 P
b111110 '
b111110 <
b111110 N
0,
#5045000
b10101001100 $
b10101001100 G
b10101001100 U
b1111111001010000 c
b10010 C
b10010 V
b10010 b
b101110100 Y
b111110 K
b111110 T
b111110 W
b11111111111111111111111111101110 #
b11111111111111111111111111101110 F
b11111111111111111111111111101110 _
1@
b1111111101110000 m
b110 B
b110 `
b110 l
1^
b11111101 ]
b11110000000 "
b11110000000 E
b11110000000 h
1j
b10110000 i
1H
b11101000 J
b11101000 g
b11101000 k
1,
#5050000
b1100100110000 Y
b1101000 7
b1101000 ?
b1101000 X
08
b0 6
b0 >
b0 O
b100000101000 c
b1110100 (
b1110100 =
b1110100 a
0)
b0 P
b0 '
b0 <
b0 N
0,
#5055000
b11111111111111111111111101110000 !
b11111111111111111111111101110000 D
b11111111111111111111111101110000 s
1u
b110 t
1r
b11101000 q
b111110101000 "
b111110101000 E
b111110101000 h
b10010 i
b1110100 J
b1110100 g
b1110100 k
b1100100011110 #
b1100100011110 F
b1100100011110 _
b10111100100000 m
b1101000 B
b1101000 `
b1101000 l
b111110 ]
0A
b0 c
b0 C
b0 V
b0 b
0I
b0 Y
b0 K
b0 T
b0 W
1,
#5060000
09
b0 7
b0 ?
b0 X
0*
b0 (
b0 =
b0 a
0,
#5065000
0@
b0 B
b0 `
b0 l
0^
b0 ]
0j
b0 i
0H
b0 m
b0 J
b0 g
b0 k
b10111010010000 !
b10111010010000 D
b10111010010000 s
b1101000 t
b1110100 q
1,
#5066000
b1111 4
b10111 3
b1101011 2
b11111011 1
b11110011 0
b110110 /
b11111110 .
b11000101 -
b1011000 ;
#5070000
1+
0,
#5075000
b0 !
b0 D
b0 s
0u
b0 t
0r
b0 q
b0 "
b0 E
b0 h
b0 #
b0 F
b0 _
b0 $
b0 G
b0 U
1,
#5080000
18
b100100111 P
b11111011 6
b11111011 >
b11111011 O
1)
b11000101 '
b11000101 <
b11000101 N
0+
0,
#5085000
b100100111 $
b100100111 G
b100100111 U
1A
b11111011 C
b11111011 V
b11111011 b
1I
b11000101 K
b11000101 T
b11000101 W
1,
#5090000
19
b1110011101010111 Y
b1101011 7
b1101011 ?
b1101011 X
b10111 6
b10111 >
b10111 O
1*
b1111111011110010 c
b110110 (
b110110 =
b110110 a
b1111111111010010 P
b11111110 '
b11111110 <
b11111110 N
0,
#5095000
b11111111111111111111111011110010 "
b11111111111111111111111011110010 E
b11111111111111111111111011110010 h
1j
b11111011 i
1H
b1011010010010 m
b110110 J
b110110 g
b110110 k
b11111111111111111110011101010111 #
b11111111111111111110011101010111 F
b11111111111111111110011101010111 _
1@
b1101011 B
b1101011 `
b1101011 l
1^
b11000101 ]
b11111001 $
b11111001 G
b11111001 U
b10011011010 c
b10111 C
b10111 V
b10111 b
b1111111100101010 Y
b11111110 K
b11111110 T
b11111110 W
1,
#5100000
b1111111111100010 Y
b1111 7
b1111 ?
b1111 X
08
b0 6
b0 >
b0 O
b1111111011010101 c
b11110011 (
b11110011 =
b11110011 a
0)
b0 P
b0 '
b0 <
b0 N
0,
#5105000
0A
b0 c
b0 C
b0 V
b0 b
0I
b0 Y
b0 K
b0 T
b0 W
b11111111111111111110011100111001 #
b11111111111111111110011100111001 F
b11111111111111111110011100111001 _
b1111 B
b1111 `
b1111 l
b11111110 ]
b11111111111111111111110111000111 "
b11111111111111111111110111000111 E
b11111111111111111111110111000111 h
b10111 i
b1111111100111101 m
b11110011 J
b11110011 g
b11110011 k
b1011010010010 !
b1011010010010 D
b1011010010010 s
1u
b1101011 t
1r
b110110 q
1,
#5110000
09
b0 7
b0 ?
b0 X
0*
b0 (
b0 =
b0 a
0,
#5115000
b1010111001111 !
b1010111001111 D
b1010111001111 s
b1111 t
b11110011 q
0j
b0 i
0H
b0 J
b0 g
b0 k
0@
b0 m
b0 B
b0 `
b0 l
0^
b0 ]
1,
#5116000
b11110100 4
b100 3
b11001011 1
b11010100 0
b10100110 /
b101010 .
b10100 -
b1011001 ;
#5120000
1+
0,
#5125000
b0 $
b0 G
b0 U
b0 #
b0 F
b0 _
b0 "
b0 E
b0 h
b0 !
b0 D
b0 s
0u
b0 t
0r
b0 q
1,
#5130000
18
b1111101111011100 P
b11001011 6
b11001011 >
b11001011 O
1)
b10100 '
b10100 <
b10100 N
0+
0,
#5135000
b11111111111111111111101111011100 $
b11111111111111111111101111011100 G
b11111111111111111111101111011100 U
1A
b11001011 C
b11001011 V
b11001011 b
1I
b10100 K
b10100 T
b10100 W
1,
#5140000
19
b100001011100 Y
b1101011 7
b1101011 ?
b1101011 X
b100 6
b100 >
b100 O
1*
b1001010100010 c
b10100110 (
b10100110 =
b10100110 a
b10101000 P
b101010 '
b101010 <
b101010 N
0,
#5145000
b11111111111111111111110010000100 $
b11111111111111111111110010000100 G
b11111111111111111111110010000100 U
b1111111010011000 c
b100 C
b100 V
b100 b
b1000110001110 Y
b101010 K
b101010 T
b101010 W
b100001011100 #
b100001011100 F
b100001011100 _
1@
b1101101001100010 m
b1101011 B
b1101011 `
b1101011 l
1^
b10100 ]
b1001010100010 "
b1001010100010 E
b1001010100010 h
1j
b11001011 i
1H
b10100110 J
b10100110 g
b10100110 k
1,
#5150000
b1111111000001000 Y
b11110100 7
b11110100 ?
b11110100 X
08
b0 6
b0 >
b0 O
b1111111101010000 c
b11010100 (
b11010100 =
b11010100 a
0)
b0 P
b0 '
b0 <
b0 N
0,
#5155000
b11111111111111111101101001100010 !
b11111111111111111101101001100010 D
b11111111111111111101101001100010 s
1u
b1101011 t
1r
b10100110 q
b1000111110010 "
b1000111110010 E
b1000111110010 h
b100 i
b11010100 J
b11010100 g
b11010100 k
b11001100100 #
b11001100100 F
b11001100100 _
b1000010000 m
b11110100 B
b11110100 `
b11110100 l
b101010 ]
0A
b0 c
b0 C
b0 V
b0 b
0I
b0 Y
b0 K
b0 T
b0 W
1,
#5160000
09
b0 7
b0 ?
b0 X
0*
b0 (
b0 =
b0 a
0,
#5165000
0@
b0 B
b0 `
b0 l
0^
b0 ]
0j
b0 i
0H
b0 m
b0 J
b0 g
b0 k
b11111111111111111101110001110010 !
b11111111111111111101110001110010 D
b11111111111111111101110001110010 s
b11110100 t
b11010100 q
1,
#5166000
b111100 4
b1000110 3
b1100000 2
b11001001 1
b10111001 0
b10000101 /
b11100001 .
b10001101 -
b1011010 ;
#5170000
1+
0,
#5175000
b0 !
b0 D
b0 s
0u
b0 t
0r
b0 q
b0 "
b0 E
b0 h
b0 #
b0 F
b0 _
b0 $
b0 G
b0 U
1,
#5180000
18
b1100010110101 P
b11001001 6
b11001001 >
b11001001 O
1)
b10001101 '
b10001101 <
b10001101 N
0+
0,
#5185000
b1100010110101 $
b1100010110101 G
b1100010110101 U
1A
b11001001 C
b11001001 V
b11001001 b
1I
b10001101 K
b10001101 T
b10001101 W
1,
#5190000
19
b1101010011100000 Y
b1100000 7
b1100000 ?
b1100000 X
b1000110 6
b1000110 >
b1000110 O
1*
b1101001101101 c
b10000101 (
b10000101 =
b10000101 a
b1111011110000110 P
b11100001 '
b11100001 <
b11100001 N
0,
#5195000
b1101001101101 "
b1101001101101 E
b1101001101101 h
1j
b11001001 i
1H
b1101000111100000 m
b10000101 J
b10000101 g
b10000101 k
b11111111111111111101010011100000 #
b11111111111111111101010011100000 F
b11111111111111111101010011100000 _
1@
b1100000 B
b1100000 `
b1100000 l
1^
b10001101 ]
b1000000111011 $
b1000000111011 G
b1000000111011 U
b1101111001011110 c
b1000110 C
b1000110 V
b1000110 b
b1111010001100000 Y
b11100001 K
b11100001 T
b11100001 W
1,
#5200000
b1111100010111100 Y
b111100 7
b111100 ?
b111100 X
08
b0 6
b0 >
b0 O
b1110110010010110 c
b10111001 (
b10111001 =
b10111001 a
0)
b0 P
b0 '
b0 <
b0 N
0,
#5205000
0A
b0 c
b0 C
b0 V
b0 b
0I
b0 Y
b0 K
b0 T
b0 W
b11111111111111111100110110011100 #
b11111111111111111100110110011100 F
b11111111111111111100110110011100 _
b111100 B
b111100 `
b111100 l
b11100001 ]
b11100000011 "
b11100000011 E
b11100000011 h
b1000110 i
b1110111101011100 m
b10111001 J
b10111001 g
b10111001 k
b11111111111111111101000111100000 !
b11111111111111111101000111100000 D
b11111111111111111101000111100000 s
1u
b1100000 t
1r
b10000101 q
1,
#5210000
09
b0 7
b0 ?
b0 X
0*
b0 (
b0 =
b0 a
0,
#5215000
b11111111111111111100000100111100 !
b11111111111111111100000100111100 D
b11111111111111111100000100111100 s
b111100 t
b10111001 q
0j
b0 i
0H
b0 J
b0 g
b0 k
0@
b0 m
b0 B
b0 `
b0 l
0^
b0 ]
1,
#5216000
b0 4
b11010000 3
b110000 2
b11011100 1
b1110 0
b1110011 /
b1011000 .
b110111 -
b1011011 ;
#5220000
1+
0,
#5225000
b0 $
b0 G
b0 U
b0 #
b0 F
b0 _
b0 "
b0 E
b0 h
b0 !
b0 D
b0 s
0u
b0 t
0r
b0 q
1,
#5230000
18
b1111100001000100 P
b11011100 6
b11011100 >
b11011100 O
1)
b110111 '
b110111 <
b110111 N
0+
0,
#5235000
b11111111111111111111100001000100 $
b11111111111111111111100001000100 G
b11111111111111111111100001000100 U
1A
b11011100 C
b11011100 V
b11011100 b
1I
b110111 K
b110111 T
b110111 W
1,
#5240000
19
b101001010000 Y
b110000 7
b110000 ?
b110000 X
b11010000 6
b11010000 >
b11010000 O
1*
b1110111111010100 c
b1110011 (
b1110011 =
b1110011 a
b1110111110000000 P
b1011000 '
b1011000 <
b1011000 N
0,
#5245000
b11111111111111111110011111000100 $
b11111111111111111110011111000100 G
b11111111111111111110011111000100 U
b1110101001110000 c
b11010000 C
b11010000 V
b11010000 b
b1000010000000 Y
b1011000 K
b1011000 T
b1011000 W
b101001010000 #
b101001010000 F
b101001010000 _
1@
b1010110010000 m
b110000 B
b110000 `
b110000 l
1^
b110111 ]
b11111111111111111110111111010100 "
b11111111111111111110111111010100 E
b11111111111111111110111111010100 h
1j
b11011100 i
1H
b1110011 J
b1110011 g
b1110011 k
1,
#5250000
b0 Y
b0 7
b0 ?
b0 X
08
b0 6
b0 >
b0 O
b1111110101100000 c
b1110 (
b1110 =
b1110 a
0)
b0 P
b0 '
b0 <
b0 N
0,
#5255000
b1010110010000 !
b1010110010000 D
b1010110010000 s
1u
b110000 t
1r
b1110011 q
b11111111111111111110110100110100 "
b11111111111111111110110100110100 E
b11111111111111111110110100110100 h
b11010000 i
b1110 J
b1110 g
b1110 k
b0 m
b0 B
b0 `
b0 l
b1011000 ]
0A
b0 c
b0 C
b0 V
b0 b
0I
b0 K
b0 T
b0 W
1,
#5260000
09
0*
b0 (
b0 =
b0 a
0,
#5265000
0@
0^
b0 ]
0j
b0 i
0H
b0 J
b0 g
b0 k
b0 t
b1110 q
1,
#5266000
b11111010 4
b10000111 3
b1011111 2
b10011000 1
b1010011 0
b10100001 /
b11111000 .
b1000011 -
b1011100 ;
#5270000
1+
0,
#5275000
b0 !
b0 D
b0 s
0u
0r
b0 q
b0 "
b0 E
b0 h
b0 #
b0 F
b0 _
b0 $
b0 G
b0 U
1,
#5280000
18
b1110010011001000 P
b10011000 6
b10011000 >
b10011000 O
1)
b1000011 '
b1000011 <
b1000011 N
0+
0,
#5285000
b11111111111111111110010011001000 $
b11111111111111111110010011001000 G
b11111111111111111110010011001000 U
1A
b10011000 C
b10011000 V
b10011000 b
1I
b1000011 K
b1000011 T
b1000011 W
1,
#5290000
19
b1100011011101 Y
b1011111 7
b1011111 ?
b1011111 X
b10000111 6
b10000111 >
b10000111 O
1*
b10011010011000 c
b10100001 (
b10100001 =
b10100001 a
b1111001000 P
b11111000 '
b11111000 <
b11111000 N
0,
#5295000
b10011010011000 "
b10011010011000 E
b10011010011000 h
1j
b10011000 i
1H
b1101110010111111 m
b10100001 J
b10100001 g
b10100001 k
b1100011011101 #
b1100011011101 F
b1100011011101 _
1@
b1011111 B
b1011111 `
b1011111 l
1^
b1000011 ]
b11111111111111111110100010010000 $
b11111111111111111110100010010000 G
b11111111111111111110100010010000 U
b10110011100111 c
b10000111 C
b10000111 V
b10000111 b
b1111110100001000 Y
b11111000 K
b11111000 T
b11111000 W
1,
#5300000
b110000 Y
b11111010 7
b11111010 ?
b11111010 X
08
b0 6
b0 >
b0 O
b1101100011000101 c
b1010011 (
b1010011 =
b1010011 a
0)
b0 P
b0 '
b0 <
b0 N
0,
#5305000
0A
b0 c
b0 C
b0 V
b0 b
0I
b0 Y
b0 K
b0 T
b0 W
b1100100001101 #
b1100100001101 F
b1100100001101 _
b11111010 B
b11111010 `
b11111010 l
b11111000 ]
b11111111111111111111111101011101 "
b11111111111111111111111101011101 E
b11111111111111111111111101011101 h
b10000111 i
b1111111000001110 m
b1010011 J
b1010011 g
b1010011 k
b11111111111111111101110010111111 !
b11111111111111111101110010111111 D
b11111111111111111101110010111111 s
1u
b1011111 t
1r
b10100001 q
1,
#5310000
09
b0 7
b0 ?
b0 X
0*
b0 (
b0 =
b0 a
0,
#5315000
b11111111111111111101101011001101 !
b11111111111111111101101011001101 D
b11111111111111111101101011001101 s
b11111010 t
b1010011 q
0j
b0 i
0H
b0 J
b0 g
b0 k
0@
b0 m
b0 B
b0 `
b0 l
0^
b0 ]
1,
#5316000
b10101 4
b1101 3
b1100 2
b10010 1
b110001 0
b1101011 /
b1110000 .
b101101 -
b1011101 ;
#5320000
1+
0,
#5325000
b0 $
b0 G
b0 U
b0 #
b0 F
b0 _
b0 "
b0 E
b0 h
b0 !
b0 D
b0 s
0u
b0 t
0r
b0 q
1,
#5330000
18
b1100101010 P
b10010 6
b10010 >
b10010 O
1)
b101101 '
b101101 <
b101101 N
0+
0,
#5335000
b1100101010 $
b1100101010 G
b1100101010 U
1A
b10010 C
b10010 V
b10010 b
1I
b101101 K
b101101 T
b101101 W
1,
#5340000
19
b1000011100 Y
b1100 7
b1100 ?
b1100 X
b1101 6
b1101 >
b1101 O
1*
b11110000110 c
b1101011 (
b1101011 =
b1101011 a
b10110110000 P
b1110000 '
b1110000 <
b1110000 N
0,
#5345000
b100011011010 $
b100011011010 G
b100011011010 U
b10101101111 c
b1101 C
b1101 V
b1101 b
b10101000000 Y
b1110000 K
b1110000 T
b1110000 W
b1000011100 #
b1000011100 F
b1000011100 _
1@
b10100000100 m
b1100 B
b1100 `
b1100 l
1^
b101101 ]
b11110000110 "
b11110000110 E
b11110000110 h
1j
b10010 i
1H
b1101011 J
b1101011 g
b1101011 k
1,
#5350000
b100100110000 Y
b10101 7
b10101 ?
b10101 X
08
b0 6
b0 >
b0 O
b1001111101 c
b110001 (
b110001 =
b110001 a
0)
b0 P
b0 '
b0 <
b0 N
0,
#5355000
b10100000100 !
b10100000100 D
b10100000100 s
1u
b1100 t
1r
b1101011 q
b101000000011 "
b101000000011 E
b101000000011 h
b1101 i
b110001 J
b110001 g
b110001 k
b101101001100 #
b101101001100 F
b101101001100 _
b10000000101 m
b10101 B
b10101 `
b10101 l
b1110000 ]
0A
b0 c
b0 C
b0 V
b0 b
0I
b0 Y
b0 K
b0 T
b0 W
1,
#5360000
09
b0 7
b0 ?
b0 X
0*
b0 (
b0 =
b0 a
0,
#5365000
0@
b0 B
b0 `
b0 l
0^
b0 ]
0j
b0 i
0H
b0 m
b0 J
b0 g
b0 k
b100100001001 !
b100100001001 D
b100100001001 s
b10101 t
b110001 q
1,
#5366000
b11011100 4
b11101101 3
b11000011 2
b10011 1
b10000000 0
b1010100 /
b10010100 .
b1000000 -
b1011110 ;
#5370000
1+
0,
#5375000
b0 !
b0 D
b0 s
0u
b0 t
0r
b0 q
b0 "
b0 E
b0 h
b0 #
b0 F
b0 _
b0 $
b0 G
b0 U
1,
#5380000
18
b10011000000 P
b10011 6
b10011 >
b10011 O
1)
b1000000 '
b1000000 <
b1000000 N
0+
0,
#5385000
b10011000000 $
b10011000000 G
b10011000000 U
1A
b10011 C
b10011 V
b10011 b
1I
b1000000 K
b1000000 T
b1000000 W
1,
#5390000
19
b1111000011000000 Y
b11000011 7
b11000011 ?
b11000011 X
b11101101 6
b11101101 >
b11101101 O
1*
b11000111100 c
b1010100 (
b1010100 =
b1010100 a
b100000000100 P
b10010100 '
b10010100 <
b10010100 N
0,
#5395000
b11000111100 "
b11000111100 E
b11000111100 h
1j
b10011 i
1H
b1110101111111100 m
b1010100 J
b1010100 g
b1010100 k
b11111111111111111111000011000000 #
b11111111111111111111000011000000 F
b11111111111111111111000011000000 _
1@
b11000011 B
b11000011 `
b11000011 l
1^
b1000000 ]
b110011000100 $
b110011000100 G
b110011000100 U
b1111100111000100 c
b11101101 C
b11101101 V
b11101101 b
b1100110111100 Y
b10010100 K
b10010100 T
b10010100 W
1,
#5400000
b111100110000 Y
b11011100 7
b11011100 ?
b11011100 X
08
b0 6
b0 >
b0 O
b100110000000 c
b10000000 (
b10000000 =
b10000000 a
0)
b0 P
b0 '
b0 <
b0 N
0,
#5405000
0A
b0 c
b0 C
b0 V
b0 b
0I
b0 Y
b0 K
b0 T
b0 W
b11111111111111111111111111110000 #
b11111111111111111111111111110000 F
b11111111111111111111111111110000 _
b11011100 B
b11011100 `
b11011100 l
b10010100 ]
b111110111100 "
b111110111100 E
b111110111100 h
b11101101 i
b1001000000000 m
b10000000 J
b10000000 g
b10000000 k
b11111111111111111110101111111100 !
b11111111111111111110101111111100 D
b11111111111111111110101111111100 s
1u
b11000011 t
1r
b1010100 q
1,
#5410000
09
b0 7
b0 ?
b0 X
0*
b0 (
b0 =
b0 a
0,
#5415000
b11111111111111111111110111111100 !
b11111111111111111111110111111100 D
b11111111111111111111110111111100 s
b11011100 t
b10000000 q
0j
b0 i
0H
b0 J
b0 g
b0 k
0@
b0 m
b0 B
b0 `
b0 l
0^
b0 ]
1,
#5416000
b11001001 4
b100010 3
b111000 2
b10101011 1
b100011 0
b1011111 /
b100111 .
b1111000 -
b1011111 ;
#5420000
1+
0,
#5425000
b0 $
b0 G
b0 U
b0 #
b0 F
b0 _
b0 "
b0 E
b0 h
b0 !
b0 D
b0 s
0u
b0 t
0r
b0 q
1,
#5430000
18
b1101100000101000 P
b10101011 6
b10101011 >
b10101011 O
1)
b1111000 '
b1111000 <
b1111000 N
0+
0,
#5435000
b11111111111111111101100000101000 $
b11111111111111111101100000101000 G
b11111111111111111101100000101000 U
1A
b10101011 C
b10101011 V
b10101011 b
1I
b1111000 K
b1111000 T
b1111000 W
1,
#5440000
19
b1101001000000 Y
b111000 7
b111000 ?
b111000 X
b100010 6
b100010 >
b100010 O
1*
b1110000001110101 c
b1011111 (
b1011111 =
b1011111 a
b10100101110 P
b100111 '
b100111 <
b100111 N
0,
#5445000
b11111111111111111101110101010110 $
b11111111111111111101110101010110 G
b11111111111111111101110101010110 U
b110010011110 c
b100010 C
b100010 V
b100010 b
b100010001000 Y
b100111 K
b100111 T
b100111 W
b1101001000000 #
b1101001000000 F
b1101001000000 _
1@
b1010011001000 m
b111000 B
b111000 `
b111000 l
1^
b1111000 ]
b11111111111111111110000001110101 "
b11111111111111111110000001110101 E
b11111111111111111110000001110101 h
1j
b10101011 i
1H
b1011111 J
b1011111 g
b1011111 k
1,
#5450000
b1111011110011111 Y
b11001001 7
b11001001 ?
b11001001 X
08
b0 6
b0 >
b0 O
b10010100110 c
b100011 (
b100011 =
b100011 a
0)
b0 P
b0 '
b0 <
b0 N
0,
#5455000
b1010011001000 !
b1010011001000 D
b1010011001000 s
1u
b111000 t
1r
b1011111 q
b11111111111111111110010100011011 "
b11111111111111111110010100011011 E
b11111111111111111110010100011011 h
b100010 i
b100011 J
b100011 g
b100011 k
b1000111011111 #
b1000111011111 F
b1000111011111 _
b1111100001111011 m
b11001001 B
b11001001 `
b11001001 l
b100111 ]
0A
b0 c
b0 C
b0 V
b0 b
0I
b0 Y
b0 K
b0 T
b0 W
1,
#5460000
09
b0 7
b0 ?
b0 X
0*
b0 (
b0 =
b0 a
0,
#5465000
0@
b0 B
b0 `
b0 l
0^
b0 ]
0j
b0 i
0H
b0 m
b0 J
b0 g
b0 k
b110101000011 !
b110101000011 D
b110101000011 s
b11001001 t
b100011 q
1,
#5466000
b1110101 4
b1000 3
b11011011 2
b100100 1
b11000111 0
b11001110 /
b10000010 .
b11000111 -
b1100000 ;
#5470000
1+
0,
#5475000
b0 !
b0 D
b0 s
0u
b0 t
0r
b0 q
b0 "
b0 E
b0 h
b0 #
b0 F
b0 _
b0 $
b0 G
b0 U
1,
#5480000
18
b1111011111111100 P
b100100 6
b100100 >
b100100 O
1)
b11000111 '
b11000111 <
b11000111 N
0+
0,
#5485000
b11111111111111111111011111111100 $
b11111111111111111111011111111100 G
b11111111111111111111011111111100 U
1A
b100100 C
b100100 V
b100100 b
1I
b11000111 K
b11000111 T
b11000111 W
1,
#5490000
19
b100000111101 Y
b11011011 7
b11011011 ?
b11011011 X
b1000 6
b1000 >
b1000 O
1*
b1111100011111000 c
b11001110 (
b11001110 =
b11001110 a
b1111110000010000 P
b10000010 '
b10000010 <
b10000010 N
0,
#5495000
b11111111111111111111100011111000 "
b11111111111111111111100011111000 E
b11111111111111111111100011111000 h
1j
b100100 i
1H
b11100111010 m
b11001110 J
b11001110 g
b11001110 k
b100000111101 #
b100000111101 F
b100000111101 _
1@
b11011011 B
b11011011 `
b11011011 l
1^
b11000111 ]
b11111111111111111111010000001100 $
b11111111111111111111010000001100 G
b11111111111111111111010000001100 U
b1111111001110000 c
b1000 C
b1000 V
b1000 b
b1001000110110 Y
b10000010 K
b10000010 T
b10000010 W
1,
#5500000
b1100011001101010 Y
b1110101 7
b1110101 ?
b1110101 X
08
b0 6
b0 >
b0 O
b1111111000111000 c
b11000111 (
b11000111 =
b11000111 a
0)
b0 P
b0 '
b0 <
b0 N
0,
#5505000
0A
b0 c
b0 C
b0 V
b0 b
0I
b0 Y
b0 K
b0 T
b0 W
b11111111111111111100111010100111 #
b11111111111111111100111010100111 F
b11111111111111111100111010100111 _
b1110101 B
b1110101 `
b1110101 l
b10000010 ]
b11111111111111111111011100110000 "
b11111111111111111111011100110000 E
b11111111111111111111011100110000 h
b1000 i
b1110010111110011 m
b11000111 J
b11000111 g
b11000111 k
b11100111010 !
b11100111010 D
b11100111010 s
1u
b11011011 t
1r
b11001110 q
1,
#5510000
09
b0 7
b0 ?
b0 X
0*
b0 (
b0 =
b0 a
0,
#5515000
b11111111111111111110110100101101 !
b11111111111111111110110100101101 D
b11111111111111111110110100101101 s
b1110101 t
b11000111 q
0j
b0 i
0H
b0 J
b0 g
b0 k
0@
b0 m
b0 B
b0 `
b0 l
0^
b0 ]
1,
#5516000
b10100100 4
b10100011 3
b1010000 2
b1011000 1
b10000010 0
b111000 /
b11010 .
b10110101 -
b1100001 ;
#5520000
1+
0,
#5525000
b0 $
b0 G
b0 U
b0 #
b0 F
b0 _
b0 "
b0 E
b0 h
b0 !
b0 D
b0 s
0u
b0 t
0r
b0 q
1,
#5530000
18
b1110011000111000 P
b1011000 6
b1011000 >
b1011000 O
1)
b10110101 '
b10110101 <
b10110101 N
0+
0,
#5535000
b11111111111111111110011000111000 $
b11111111111111111110011000111000 G
b11111111111111111110011000111000 U
1A
b1011000 C
b1011000 V
b1011000 b
1I
b10110101 K
b10110101 T
b10110101 W
1,
#5540000
19
b1110100010010000 Y
b1010000 7
b1010000 ?
b1010000 X
b10100011 6
b10100011 >
b10100011 O
1*
b1001101000000 c
b111000 (
b111000 =
b111000 a
b1111011010001110 P
b11010 '
b11010 <
b11010 N
0,
#5545000
b11111111111111111101110011000110 $
b11111111111111111101110011000110 G
b11111111111111111101110011000110 U
b1110101110101000 c
b10100011 C
b10100011 V
b10100011 b
b100000100000 Y
b11010 K
b11010 T
b11010 W
b11111111111111111110100010010000 #
b11111111111111111110100010010000 F
b11111111111111111110100010010000 _
1@
b1000110000000 m
b1010000 B
b1010000 `
b1010000 l
1^
b10110101 ]
b1001101000000 "
b1001101000000 E
b1001101000000 h
1j
b1011000 i
1H
b111000 J
b111000 g
b111000 k
1,
#5550000
b1111011010101000 Y
b10100100 7
b10100100 ?
b10100100 X
08
b0 6
b0 >
b0 O
b10110111000110 c
b10000010 (
b10000010 =
b10000010 a
0)
b0 P
b0 '
b0 <
b0 N
0,
#5555000
b1000110000000 !
b1000110000000 D
b1000110000000 s
1u
b1010000 t
1r
b111000 q
b100000100000110 "
b100000100000110 E
b100000100000110 h
b10100011 i
b10000010 J
b10000010 g
b10000010 k
b11111111111111111101111100111000 #
b11111111111111111101111100111000 F
b11111111111111111101111100111000 _
b10110101001000 m
b10100100 B
b10100100 `
b10100100 l
b11010 ]
0A
b0 c
b0 C
b0 V
b0 b
0I
b0 Y
b0 K
b0 T
b0 W
1,
#5560000
09
b0 7
b0 ?
b0 X
0*
b0 (
b0 =
b0 a
0,
#5565000
0@
b0 B
b0 `
b0 l
0^
b0 ]
0j
b0 i
0H
b0 m
b0 J
b0 g
b0 k
b11111011001000 !
b11111011001000 D
b11111011001000 s
b10100100 t
b10000010 q
1,
#5566000
b110111 4
b1001000 3
b11001000 2
b1011011 1
b1010100 0
b110 /
b11101010 .
b1100101 -
b1100010 ;
#5570000
1+
0,
#5575000
b0 !
b0 D
b0 s
0u
b0 t
0r
b0 q
b0 "
b0 E
b0 h
b0 #
b0 F
b0 _
b0 $
b0 G
b0 U
1,
#5580000
18
b10001111100111 P
b1011011 6
b1011011 >
b1011011 O
1)
b1100101 '
b1100101 <
b1100101 N
0+
0,
#5585000
b10001111100111 $
b10001111100111 G
b10001111100111 U
1A
b1011011 C
b1011011 V
b1011011 b
1I
b1100101 K
b1100101 T
b1100101 W
1,
#5590000
19
b1110100111101000 Y
b11001000 7
b11001000 ?
b11001000 X
b1001000 6
b1001000 >
b1001000 O
1*
b1000100010 c
b110 (
b110 =
b110 a
b1111100111010000 P
b11101010 '
b11101010 <
b11101010 N
0,
#5595000
b1000100010 "
b1000100010 E
b1000100010 h
1j
b1011011 i
1H
b1111111010110000 m
b110 J
b110 g
b110 k
b11111111111111111110100111101000 #
b11111111111111111110100111101000 F
b11111111111111111110100111101000 _
1@
b11001000 B
b11001000 `
b11001000 l
1^
b1100101 ]
b1110110110111 $
b1110110110111 G
b1110110110111 U
b110110000 c
b1001000 C
b1001000 V
b1001000 b
b10011010000 Y
b11101010 K
b11101010 T
b11101010 W
1,
#5600000
b1111101101000110 Y
b110111 7
b110111 ?
b110111 X
08
b0 6
b0 >
b0 O
b1011110100000 c
b1010100 (
b1010100 =
b1010100 a
0)
b0 P
b0 '
b0 <
b0 N
0,
#5605000
0A
b0 c
b0 C
b0 V
b0 b
0I
b0 Y
b0 K
b0 T
b0 W
b11111111111111111110010100101110 #
b11111111111111111110010100101110 F
b11111111111111111110010100101110 _
b110111 B
b110111 `
b110111 l
b11101010 ]
b1100111000010 "
b1100111000010 E
b1100111000010 h
b1001000 i
b1001000001100 m
b1010100 J
b1010100 g
b1010100 k
b11111111111111111111111010110000 !
b11111111111111111111111010110000 D
b11111111111111111111111010110000 s
1u
b11001000 t
1r
b110 q
1,
#5610000
09
b0 7
b0 ?
b0 X
0*
b0 (
b0 =
b0 a
0,
#5615000
b1000010111100 !
b1000010111100 D
b1000010111100 s
b110111 t
b1010100 q
0j
b0 i
0H
b0 J
b0 g
b0 k
0@
b0 m
b0 B
b0 `
b0 l
0^
b0 ]
1,
#5616000
b11111011 4
b10110000 3
b110101 2
b10011011 1
b10000011 0
b1010001 /
b10110101 .
b11111000 -
b1100011 ;
#5620000
1+
0,
#5625000
b0 $
b0 G
b0 U
b0 #
b0 F
b0 _
b0 "
b0 E
b0 h
b0 !
b0 D
b0 s
0u
b0 t
0r
b0 q
1,
#5630000
18
b1100101000 P
b10011011 6
b10011011 >
b10011011 O
1)
b11111000 '
b11111000 <
b11111000 N
0+
0,
#5635000
b1100101000 $
b1100101000 G
b1100101000 U
1A
b10011011 C
b10011011 V
b10011011 b
1I
b11111000 K
b11111000 T
b11111000 W
1,
#5640000
19
b1111111001011000 Y
b110101 7
b110101 ?
b110101 X
b10110000 6
b10110000 >
b10110000 O
1*
b1110000000001011 c
b1010001 (
b1010001 =
b1010001 a
b1011101110000 P
b10110101 '
b10110101 <
b10110101 N
0,
#5645000
b1101010011000 $
b1101010011000 G
b1101010011000 U
b1110011010110000 c
b10110000 C
b10110000 V
b10110000 b
b1111000001111001 Y
b10110101 K
b10110101 T
b10110101 W
b11111111111111111111111001011000 #
b11111111111111111111111001011000 F
b11111111111111111111111001011000 _
1@
b1000011000101 m
b110101 B
b110101 `
b110101 l
1^
b11111000 ]
b11111111111111111110000000001011 "
b11111111111111111110000000001011 E
b11111111111111111110000000001011 h
1j
b10011011 i
1H
b1010001 J
b1010001 g
b1010001 k
1,
#5650000
b101110111 Y
b11111011 7
b11111011 ?
b11111011 X
08
b0 6
b0 >
b0 O
b10011100010000 c
b10000011 (
b10000011 =
b10000011 a
0)
b0 P
b0 '
b0 <
b0 N
0,
#5655000
b1000011000101 !
b1000011000101 D
b1000011000101 s
1u
b110101 t
1r
b1010001 q
b11100011011 "
b11100011011 E
b11100011011 h
b10110000 i
b10000011 J
b10000011 g
b10000011 k
b11111111111111111111111111001111 #
b11111111111111111111111111001111 F
b11111111111111111111111111001111 _
b1001110001 m
b11111011 B
b11111011 `
b11111011 l
b10110101 ]
0A
b0 c
b0 C
b0 V
b0 b
0I
b0 Y
b0 K
b0 T
b0 W
1,
#5660000
09
b0 7
b0 ?
b0 X
0*
b0 (
b0 =
b0 a
0,
#5665000
0@
b0 B
b0 `
b0 l
0^
b0 ]
0j
b0 i
0H
b0 m
b0 J
b0 g
b0 k
b1001100110110 !
b1001100110110 D
b1001100110110 s
b11111011 t
b10000011 q
1,
#5666000
b1100100 ;
